# Manually updated only by `kf bank`; (image, va) is the stable identity.
# Scores retain full precision; --loose affects display classification only.
image	va	unit	name	input_sha256	best_pct	hist_pct	banked_pct	code_size
PSX.EXE	0x80010038	psx.main	main	a1220d1a7b10d4590153b06bfbd1696c054c5f11737ff4bdc5e6df4760a3dc26	100.000000000	100.000000000	100.000000000	224
GAME.EXE	0x80013634	game.main	main	b7e5ab283729e68e560a8f009987cfea97a80354ee726ca8c8b8ee91cefb400b	100.000000000	100.000000000	100.000000000	104
GAME.EXE	0x8001369c	game.main	game_main_loop	b7e5ab283729e68e560a8f009987cfea97a80354ee726ca8c8b8ee91cefb400b	100.000000000	100.000000000	100.000000000	752
GAME.EXE	0x8001398c	game.main	game_shutdown	b7e5ab283729e68e560a8f009987cfea97a80354ee726ca8c8b8ee91cefb400b	100.000000000	100.000000000	100.000000000	56
GAME.EXE	0x800139c4	game.audio_runtime	audio_initialize_runtime	bf097bf8250bf15df3cfd4101dff1940c6064541017926a076498f2d64b981c4	100.000000000	100.000000000	100.000000000	288
GAME.EXE	0x80013ae4	game.audio_runtime	audio_start_sequence	bf097bf8250bf15df3cfd4101dff1940c6064541017926a076498f2d64b981c4	100.000000000	100.000000000	100.000000000	152
GAME.EXE	0x80013b7c	game.audio_runtime	audio_stop_sequence	bf097bf8250bf15df3cfd4101dff1940c6064541017926a076498f2d64b981c4	100.000000000	100.000000000	100.000000000	88
GAME.EXE	0x80013bd4	game.audio_runtime	audio_shutdown	bf097bf8250bf15df3cfd4101dff1940c6064541017926a076498f2d64b981c4	100.000000000	100.000000000	100.000000000	184
GAME.EXE	0x80013c8c	game.audio_runtime	audio_play_spatial	bf097bf8250bf15df3cfd4101dff1940c6064541017926a076498f2d64b981c4	100.000000000	100.000000000	100.000000000	708
GAME.EXE	0x80013f50	game.audio_runtime	audio_play_spatial_default_range	bf097bf8250bf15df3cfd4101dff1940c6064541017926a076498f2d64b981c4	100.000000000	100.000000000	100.000000000	52
GAME.EXE	0x80013f84	game.audio_runtime	audio_play_spatial_range	bf097bf8250bf15df3cfd4101dff1940c6064541017926a076498f2d64b981c4	100.000000000	100.000000000	100.000000000	52
GAME.EXE	0x80013fb8	game.audio_runtime	audio_key_off_handle	bf097bf8250bf15df3cfd4101dff1940c6064541017926a076498f2d64b981c4	100.000000000	100.000000000	100.000000000	120
GAME.EXE	0x80014030	game.audio_runtime	audio_update_listener	bf097bf8250bf15df3cfd4101dff1940c6064541017926a076498f2d64b981c4	100.000000000	100.000000000	100.000000000	172
GAME.EXE	0x800140dc	game.audio_runtime	audio_play_sound	bf097bf8250bf15df3cfd4101dff1940c6064541017926a076498f2d64b981c4	100.000000000	100.000000000	100.000000000	36
GAME.EXE	0x80014100	game.audio_runtime	audio_refresh_voice_handles	bf097bf8250bf15df3cfd4101dff1940c6064541017926a076498f2d64b981c4	100.000000000	100.000000000	100.000000000	100
GAME.EXE	0x80014164	game.audio_runtime	audio_allocate_voice_handle	bf097bf8250bf15df3cfd4101dff1940c6064541017926a076498f2d64b981c4	100.000000000	100.000000000	100.000000000	276
GAME.EXE	0x80014278	game.audio_runtime	audio_key_on	bf097bf8250bf15df3cfd4101dff1940c6064541017926a076498f2d64b981c4	100.000000000	100.000000000	100.000000000	284
GAME.EXE	0x80014394	game.audio_runtime	audio_vab_stream_callback	bf097bf8250bf15df3cfd4101dff1940c6064541017926a076498f2d64b981c4	100.000000000	100.000000000	100.000000000	292
GAME.EXE	0x800144b8	game.audio_runtime	cd_request_service_vab	bf097bf8250bf15df3cfd4101dff1940c6064541017926a076498f2d64b981c4	100.000000000	100.000000000	100.000000000	316
GAME.EXE	0x800145f4	game.audio_runtime	audio_acquire_vab_stream_slot	bf097bf8250bf15df3cfd4101dff1940c6064541017926a076498f2d64b981c4	100.000000000	100.000000000	100.000000000	220
GAME.EXE	0x800146d0	game.audio_runtime	audio_queue_vab_stream	bf097bf8250bf15df3cfd4101dff1940c6064541017926a076498f2d64b981c4	100.000000000	100.000000000	100.000000000	208
GAME.EXE	0x800147a0	game.matrix_rotation	angle_approach	bf6618b0bddf1271f3b4922d68fdf9d2a65532f6cdde84be9695e548f940f469	100.000000000	100.000000000	100.000000000	196
GAME.EXE	0x80014864	game.matrix_rotation	value_approach	bf6618b0bddf1271f3b4922d68fdf9d2a65532f6cdde84be9695e548f940f469	100.000000000	100.000000000	100.000000000	104
GAME.EXE	0x800148cc	game.matrix_rotation	vector_direction_scaled	bf6618b0bddf1271f3b4922d68fdf9d2a65532f6cdde84be9695e548f940f469	100.000000000	100.000000000	100.000000000	316
GAME.EXE	0x80014a08	game.matrix_rotation	angle_velocity_step	bf6618b0bddf1271f3b4922d68fdf9d2a65532f6cdde84be9695e548f940f469	100.000000000	100.000000000	100.000000000	184
GAME.EXE	0x80014ac0	game.matrix_rotation	angle_to_forward_xz	bf6618b0bddf1271f3b4922d68fdf9d2a65532f6cdde84be9695e548f940f469	100.000000000	100.000000000	100.000000000	76
GAME.EXE	0x80014b0c	game.matrix_rotation	matrix_rotate_quarter_turns	bf6618b0bddf1271f3b4922d68fdf9d2a65532f6cdde84be9695e548f940f469	100.000000000	100.000000000	100.000000000	548
GAME.EXE	0x80014d30	game.matrix_rotation	svector_rotate_quarter_turns	bf6618b0bddf1271f3b4922d68fdf9d2a65532f6cdde84be9695e548f940f469	100.000000000	100.000000000	100.000000000	228
GAME.EXE	0x80014e14	game.matrix_rotation	matrix_set_rotation_x	bf6618b0bddf1271f3b4922d68fdf9d2a65532f6cdde84be9695e548f940f469	100.000000000	100.000000000	100.000000000	112
GAME.EXE	0x80014e84	game.matrix_rotation	matrix_set_rotation_y	bf6618b0bddf1271f3b4922d68fdf9d2a65532f6cdde84be9695e548f940f469	100.000000000	100.000000000	100.000000000	112
GAME.EXE	0x80014ef4	game.matrix_rotation	matrix_set_rotation_z	bf6618b0bddf1271f3b4922d68fdf9d2a65532f6cdde84be9695e548f940f469	100.000000000	100.000000000	100.000000000	112
GAME.EXE	0x80014f64	game.matrix_rotation	matrix_set_rotation_yxz	bf6618b0bddf1271f3b4922d68fdf9d2a65532f6cdde84be9695e548f940f469	100.000000000	100.000000000	100.000000000	104
GAME.EXE	0x80014fcc	game.matrix_rotation	matrix_set_rotation_xzy	bf6618b0bddf1271f3b4922d68fdf9d2a65532f6cdde84be9695e548f940f469	100.000000000	100.000000000	100.000000000	104
GAME.EXE	0x80015034	game.matrix_rotation	pitch_yaw_to_forward_vector	bf6618b0bddf1271f3b4922d68fdf9d2a65532f6cdde84be9695e548f940f469	100.000000000	100.000000000	100.000000000	208
GAME.EXE	0x80015104	game.matrix_rotation	vector_rotate_yxz	bf6618b0bddf1271f3b4922d68fdf9d2a65532f6cdde84be9695e548f940f469	100.000000000	100.000000000	100.000000000	68
GAME.EXE	0x80015148	game.matrix_rotation	vector2i_scale_shift11	bf6618b0bddf1271f3b4922d68fdf9d2a65532f6cdde84be9695e548f940f469	100.000000000	100.000000000	100.000000000	64
GAME.EXE	0x80015188	game.matrix_rotation	vector3s_scale_shift12	bf6618b0bddf1271f3b4922d68fdf9d2a65532f6cdde84be9695e548f940f469	100.000000000	100.000000000	100.000000000	92
GAME.EXE	0x800151e4	game.matrix_rotation	vector2i_scale_shift12	bf6618b0bddf1271f3b4922d68fdf9d2a65532f6cdde84be9695e548f940f469	100.000000000	100.000000000	100.000000000	64
GAME.EXE	0x80015224	game.matrix_rotation	vector3s_scale_shift12_alt	bf6618b0bddf1271f3b4922d68fdf9d2a65532f6cdde84be9695e548f940f469	100.000000000	100.000000000	100.000000000	92
GAME.EXE	0x80015280	game.matrix_rotation	vector3i_add_xz	bf6618b0bddf1271f3b4922d68fdf9d2a65532f6cdde84be9695e548f940f469	100.000000000	100.000000000	100.000000000	44
GAME.EXE	0x800152ac	game.matrix_rotation	angle_within_tolerance	bf6618b0bddf1271f3b4922d68fdf9d2a65532f6cdde84be9695e548f940f469	100.000000000	100.000000000	100.000000000	60
GAME.EXE	0x800152e8	game.matrix_rotation	angle_mod_delta_le_half_turn	bf6618b0bddf1271f3b4922d68fdf9d2a65532f6cdde84be9695e548f940f469	100.000000000	100.000000000	100.000000000	16
GAME.EXE	0x800152f8	game.matrix_rotation	angle_shortest_delta	bf6618b0bddf1271f3b4922d68fdf9d2a65532f6cdde84be9695e548f940f469	100.000000000	100.000000000	100.000000000	32
GAME.EXE	0x80015318	game.matrix_rotation	vector_xz_to_angle	bf6618b0bddf1271f3b4922d68fdf9d2a65532f6cdde84be9695e548f940f469	100.000000000	100.000000000	100.000000000	336
GAME.EXE	0x80015468	game.matrix_rotation	fixed_vector2_length	bf6618b0bddf1271f3b4922d68fdf9d2a65532f6cdde84be9695e548f940f469	100.000000000	100.000000000	100.000000000	64
GAME.EXE	0x800154a8	game.matrix_rotation	fixed_vector3_length	bf6618b0bddf1271f3b4922d68fdf9d2a65532f6cdde84be9695e548f940f469	100.000000000	100.000000000	100.000000000	84
GAME.EXE	0x800154fc	game.matrix_rotation	vector_displacement_to_pitch_yaw	bf6618b0bddf1271f3b4922d68fdf9d2a65532f6cdde84be9695e548f940f469	100.000000000	100.000000000	100.000000000	120
GAME.EXE	0x80015574	game.matrix_rotation	directed_intervals_overlap	bf6618b0bddf1271f3b4922d68fdf9d2a65532f6cdde84be9695e548f940f469	100.000000000	100.000000000	100.000000000	48
GAME.EXE	0x800155a4	game.matrix_rotation	vector_distance_to_point	bf6618b0bddf1271f3b4922d68fdf9d2a65532f6cdde84be9695e548f940f469	100.000000000	100.000000000	100.000000000	244
GAME.EXE	0x80015698	game.matrix_rotation	vector_distance_between_with_reach	bf6618b0bddf1271f3b4922d68fdf9d2a65532f6cdde84be9695e548f940f469	100.000000000	100.000000000	100.000000000	276
GAME.EXE	0x800157ac	game.matrix_rotation	random_triangular_scaled	bf6618b0bddf1271f3b4922d68fdf9d2a65532f6cdde84be9695e548f940f469	100.000000000	100.000000000	100.000000000	76
GAME.EXE	0x800157f8	game.matrix_rotation	random_centered_triangular_scaled	bf6618b0bddf1271f3b4922d68fdf9d2a65532f6cdde84be9695e548f940f469	100.000000000	100.000000000	100.000000000	84
GAME.EXE	0x8001584c	game.matrix_rotation	fixed_lerp_q12	bf6618b0bddf1271f3b4922d68fdf9d2a65532f6cdde84be9695e548f940f469	100.000000000	100.000000000	100.000000000	32
GAME.EXE	0x8001586c	game.matrix_rotation	angle_lerp_shortest_q12	bf6618b0bddf1271f3b4922d68fdf9d2a65532f6cdde84be9695e548f940f469	100.000000000	100.000000000	100.000000000	72
GAME.EXE	0x800158b4	game.matrix_rotation	fixed_lerp_nine_halfwords_q12	bf6618b0bddf1271f3b4922d68fdf9d2a65532f6cdde84be9695e548f940f469	100.000000000	100.000000000	100.000000000	100
GAME.EXE	0x80015918	game.matrix_rotation	trajectory_solve_time_angle	bf6618b0bddf1271f3b4922d68fdf9d2a65532f6cdde84be9695e548f940f469	100.000000000	100.000000000	100.000000000	688
GAME.EXE	0x80015bc8	game.matrix_rotation	trajectory_solve_motion_between_points	bf6618b0bddf1271f3b4922d68fdf9d2a65532f6cdde84be9695e548f940f469	100.000000000	100.000000000	100.000000000	280
GAME.EXE	0x80015ce0	game.matrix_rotation	vector_add_scaled_delta	bf6618b0bddf1271f3b4922d68fdf9d2a65532f6cdde84be9695e548f940f469	100.000000000	100.000000000	100.000000000	112
GAME.EXE	0x80015d50	game.resource_startup	resource_noop_callback	d4877b431541dd219d873e89bbb20b8d48742f5ae429f19e8c879bfc3bf751d4	100.000000000	100.000000000	100.000000000	8
GAME.EXE	0x80015d58	game.resource_startup	resource_initialize_game_assets	d4877b431541dd219d873e89bbb20b8d48742f5ae429f19e8c879bfc3bf751d4	100.000000000	100.000000000	100.000000000	636
GAME.EXE	0x80015fd4	game.resource_startup	resource_run_initial_transition	d4877b431541dd219d873e89bbb20b8d48742f5ae429f19e8c879bfc3bf751d4	100.000000000	100.000000000	100.000000000	276
GAME.EXE	0x800160e8	game.resource_startup	translate_active_world_positions	d4877b431541dd219d873e89bbb20b8d48742f5ae429f19e8c879bfc3bf751d4	100.000000000	100.000000000	100.000000000	376
GAME.EXE	0x80016260	game.resource_startup	resource_request_transition	d4877b431541dd219d873e89bbb20b8d48742f5ae429f19e8c879bfc3bf751d4	100.000000000	100.000000000	100.000000000	1372
GAME.EXE	0x800167bc	game.resource_startup	resource_transition_set_phase_1	d4877b431541dd219d873e89bbb20b8d48742f5ae429f19e8c879bfc3bf751d4	100.000000000	100.000000000	100.000000000	20
GAME.EXE	0x800167d0	game.resource_startup	resource_transition_set_phase_3	d4877b431541dd219d873e89bbb20b8d48742f5ae429f19e8c879bfc3bf751d4	100.000000000	100.000000000	100.000000000	20
GAME.EXE	0x800167e4	game.resource_startup	resource_transition_set_phase_2	d4877b431541dd219d873e89bbb20b8d48742f5ae429f19e8c879bfc3bf751d4	100.000000000	100.000000000	100.000000000	20
GAME.EXE	0x800167f8	game.resource_startup	resource_transition_set_phase_4	d4877b431541dd219d873e89bbb20b8d48742f5ae429f19e8c879bfc3bf751d4	100.000000000	100.000000000	100.000000000	20
GAME.EXE	0x8001680c	game.resource_startup	resource_transition_set_phase_6	d4877b431541dd219d873e89bbb20b8d48742f5ae429f19e8c879bfc3bf751d4	100.000000000	100.000000000	100.000000000	20
GAME.EXE	0x80016820	game.resource_startup	resource_advance_transition	d4877b431541dd219d873e89bbb20b8d48742f5ae429f19e8c879bfc3bf751d4	100.000000000	100.000000000	100.000000000	1716
GAME.EXE	0x80016ed4	game.cd_memory	cd_stream_mark_complete	c44966cb15c38bb2de02ae6c653f3166abc41db385a5ce46b6ee7f2a111146f6	100.000000000	100.000000000	100.000000000	12
GAME.EXE	0x80016ee0	game.cd_memory	cd_map_stream_read	c44966cb15c38bb2de02ae6c653f3166abc41db385a5ce46b6ee7f2a111146f6	100.000000000	100.000000000	100.000000000	48
GAME.EXE	0x80016f10	game.cd_memory	cd_stream_limit_chunk	c44966cb15c38bb2de02ae6c653f3166abc41db385a5ce46b6ee7f2a111146f6	100.000000000	100.000000000	100.000000000	60
GAME.EXE	0x80016f4c	game.cd_memory	cd_request_service_stream	c44966cb15c38bb2de02ae6c653f3166abc41db385a5ce46b6ee7f2a111146f6	100.000000000	100.000000000	100.000000000	636
GAME.EXE	0x800171c8	game.cd_memory	resource_copy_words	c44966cb15c38bb2de02ae6c653f3166abc41db385a5ce46b6ee7f2a111146f6	100.000000000	100.000000000	100.000000000	48
GAME.EXE	0x800171f8	game.cd_memory	resource_copy_halfwords	c44966cb15c38bb2de02ae6c653f3166abc41db385a5ce46b6ee7f2a111146f6	100.000000000	100.000000000	100.000000000	48
GAME.EXE	0x80017228	game.cd_memory	repeat_store_word	c44966cb15c38bb2de02ae6c653f3166abc41db385a5ce46b6ee7f2a111146f6	100.000000000	100.000000000	100.000000000	36
GAME.EXE	0x8001724c	game.cd_memory	repeat_store_halfword	c44966cb15c38bb2de02ae6c653f3166abc41db385a5ce46b6ee7f2a111146f6	100.000000000	100.000000000	100.000000000	36
GAME.EXE	0x80017270	game.cd_memory	memory_arena_coalesce_free	c44966cb15c38bb2de02ae6c653f3166abc41db385a5ce46b6ee7f2a111146f6	100.000000000	100.000000000	100.000000000	132
GAME.EXE	0x800172f4	game.cd_memory	memory_arena_free	c44966cb15c38bb2de02ae6c653f3166abc41db385a5ce46b6ee7f2a111146f6	100.000000000	100.000000000	100.000000000	32
GAME.EXE	0x80017314	game.cd_memory	memory_arena_find_block	c44966cb15c38bb2de02ae6c653f3166abc41db385a5ce46b6ee7f2a111146f6	100.000000000	100.000000000	100.000000000	344
GAME.EXE	0x8001746c	game.cd_memory	memory_arena_wait_pending	c44966cb15c38bb2de02ae6c653f3166abc41db385a5ce46b6ee7f2a111146f6	100.000000000	100.000000000	100.000000000	152
GAME.EXE	0x80017504	game.cd_memory	memory_arena_compact	c44966cb15c38bb2de02ae6c653f3166abc41db385a5ce46b6ee7f2a111146f6	100.000000000	100.000000000	100.000000000	228
GAME.EXE	0x800175e8	game.cd_memory	memory_arena_initialize_blocks	c44966cb15c38bb2de02ae6c653f3166abc41db385a5ce46b6ee7f2a111146f6	100.000000000	100.000000000	100.000000000	32
GAME.EXE	0x80017608	game.cd_memory	memory_arena_allocate_block	c44966cb15c38bb2de02ae6c653f3166abc41db385a5ce46b6ee7f2a111146f6	100.000000000	100.000000000	100.000000000	184
GAME.EXE	0x800176c0	game.cd_memory	memory_block_release	c44966cb15c38bb2de02ae6c653f3166abc41db385a5ce46b6ee7f2a111146f6	100.000000000	100.000000000	100.000000000	32
GAME.EXE	0x800176e0	game.cd_memory	memory_block_set_kind	c44966cb15c38bb2de02ae6c653f3166abc41db385a5ce46b6ee7f2a111146f6	100.000000000	100.000000000	100.000000000	8
GAME.EXE	0x800176e8	game.cd_memory	memory_block_kind	c44966cb15c38bb2de02ae6c653f3166abc41db385a5ce46b6ee7f2a111146f6	100.000000000	100.000000000	100.000000000	12
GAME.EXE	0x800176f4	game.cd_memory	memory_block_set_flags	c44966cb15c38bb2de02ae6c653f3166abc41db385a5ce46b6ee7f2a111146f6	100.000000000	100.000000000	100.000000000	8
GAME.EXE	0x800176fc	game.cd_memory	memory_block_flags	c44966cb15c38bb2de02ae6c653f3166abc41db385a5ce46b6ee7f2a111146f6	100.000000000	100.000000000	100.000000000	12
GAME.EXE	0x80017708	game.cd_memory	memory_block_set_tag	c44966cb15c38bb2de02ae6c653f3166abc41db385a5ce46b6ee7f2a111146f6	100.000000000	100.000000000	100.000000000	8
GAME.EXE	0x80017710	game.cd_memory	memory_block_tag	c44966cb15c38bb2de02ae6c653f3166abc41db385a5ce46b6ee7f2a111146f6	100.000000000	100.000000000	100.000000000	12
GAME.EXE	0x8001771c	game.cd_memory	memory_malloc_checked	c44966cb15c38bb2de02ae6c653f3166abc41db385a5ce46b6ee7f2a111146f6	100.000000000	100.000000000	100.000000000	56
GAME.EXE	0x80017754	game.cd_memory	memory_allocate	c44966cb15c38bb2de02ae6c653f3166abc41db385a5ce46b6ee7f2a111146f6	100.000000000	100.000000000	100.000000000	40
GAME.EXE	0x8001777c	game.cd_memory	memory_free	c44966cb15c38bb2de02ae6c653f3166abc41db385a5ce46b6ee7f2a111146f6	100.000000000	100.000000000	100.000000000	32
GAME.EXE	0x8001779c	game.cd_memory	cd_request_yield	c44966cb15c38bb2de02ae6c653f3166abc41db385a5ce46b6ee7f2a111146f6	100.000000000	100.000000000	100.000000000	56
GAME.EXE	0x800177d4	game.cd_memory	cd_vsync_handler	c44966cb15c38bb2de02ae6c653f3166abc41db385a5ce46b6ee7f2a111146f6	100.000000000	100.000000000	100.000000000	48
GAME.EXE	0x80017804	game.cd_memory	cd_wait_two_vsyncs	c44966cb15c38bb2de02ae6c653f3166abc41db385a5ce46b6ee7f2a111146f6	100.000000000	100.000000000	100.000000000	96
GAME.EXE	0x80017864	game.cd_memory	cd_request_advance	c44966cb15c38bb2de02ae6c653f3166abc41db385a5ce46b6ee7f2a111146f6	100.000000000	100.000000000	100.000000000	108
GAME.EXE	0x800178d0	game.cd_memory	cd_complete_handler	c44966cb15c38bb2de02ae6c653f3166abc41db385a5ce46b6ee7f2a111146f6	100.000000000	100.000000000	100.000000000	332
GAME.EXE	0x80017a1c	game.cd_memory	cd_data_ready_handler	c44966cb15c38bb2de02ae6c653f3166abc41db385a5ce46b6ee7f2a111146f6	100.000000000	100.000000000	100.000000000	124
GAME.EXE	0x80017a98	game.cd_memory	cd_error_handler	c44966cb15c38bb2de02ae6c653f3166abc41db385a5ce46b6ee7f2a111146f6	100.000000000	100.000000000	100.000000000	8
GAME.EXE	0x80017aa0	game.cd_memory	cd_bcd_to_int	c44966cb15c38bb2de02ae6c653f3166abc41db385a5ce46b6ee7f2a111146f6	100.000000000	100.000000000	100.000000000	32
GAME.EXE	0x80017ac0	game.cd_memory	cd_int_to_bcd	c44966cb15c38bb2de02ae6c653f3166abc41db385a5ce46b6ee7f2a111146f6	100.000000000	100.000000000	100.000000000	44
GAME.EXE	0x80017aec	game.cd_memory	cd_location_to_sector	c44966cb15c38bb2de02ae6c653f3166abc41db385a5ce46b6ee7f2a111146f6	100.000000000	100.000000000	100.000000000	128
GAME.EXE	0x80017b6c	game.cd_memory	cd_sector_to_location	c44966cb15c38bb2de02ae6c653f3166abc41db385a5ce46b6ee7f2a111146f6	100.000000000	100.000000000	100.000000000	132
GAME.EXE	0x80017bf0	game.cd_memory	cd_location_add	c44966cb15c38bb2de02ae6c653f3166abc41db385a5ce46b6ee7f2a111146f6	100.000000000	100.000000000	100.000000000	60
GAME.EXE	0x80017c2c	game.cd_memory	cd_request_wait_idle	c44966cb15c38bb2de02ae6c653f3166abc41db385a5ce46b6ee7f2a111146f6	100.000000000	100.000000000	100.000000000	124
GAME.EXE	0x80017ca8	game.cd_memory	cd_request_wait_done	c44966cb15c38bb2de02ae6c653f3166abc41db385a5ce46b6ee7f2a111146f6	100.000000000	100.000000000	100.000000000	88
GAME.EXE	0x80017d00	game.cd_memory	cd_sectors_corrupt	c44966cb15c38bb2de02ae6c653f3166abc41db385a5ce46b6ee7f2a111146f6	100.000000000	100.000000000	100.000000000	84
GAME.EXE	0x80017d54	game.cd_memory	cd_request_enqueue	c44966cb15c38bb2de02ae6c653f3166abc41db385a5ce46b6ee7f2a111146f6	100.000000000	100.000000000	100.000000000	280
GAME.EXE	0x80017e6c	game.cd_memory	cd_archive_entry_extent	c44966cb15c38bb2de02ae6c653f3166abc41db385a5ce46b6ee7f2a111146f6	100.000000000	100.000000000	100.000000000	136
GAME.EXE	0x80017ef4	game.cd_memory	cd_archive_queue_read	c44966cb15c38bb2de02ae6c653f3166abc41db385a5ce46b6ee7f2a111146f6	100.000000000	100.000000000	100.000000000	84
GAME.EXE	0x80017f48	game.cd_memory	cd_archive_queue_sector_callback_read	c44966cb15c38bb2de02ae6c653f3166abc41db385a5ce46b6ee7f2a111146f6	100.000000000	100.000000000	100.000000000	84
GAME.EXE	0x80017f9c	game.cd_memory	cd_archive_queue_stream_read	c44966cb15c38bb2de02ae6c653f3166abc41db385a5ce46b6ee7f2a111146f6	100.000000000	100.000000000	100.000000000	84
GAME.EXE	0x80017ff0	game.cd_memory	cd_archive_read_chunked	c44966cb15c38bb2de02ae6c653f3166abc41db385a5ce46b6ee7f2a111146f6	100.000000000	100.000000000	100.000000000	196
GAME.EXE	0x800180b4	game.cd_memory	cd_archive_entry_size	c44966cb15c38bb2de02ae6c653f3166abc41db385a5ce46b6ee7f2a111146f6	100.000000000	100.000000000	100.000000000	68
GAME.EXE	0x800180f8	game.cd_memory	cd_report_error	c44966cb15c38bb2de02ae6c653f3166abc41db385a5ce46b6ee7f2a111146f6	100.000000000	100.000000000	100.000000000	8
GAME.EXE	0x80018100	game.cd_memory	cd_read_sectors	c44966cb15c38bb2de02ae6c653f3166abc41db385a5ce46b6ee7f2a111146f6	100.000000000	100.000000000	100.000000000	320
GAME.EXE	0x80018240	game.cd_memory	cd_extent_load	c44966cb15c38bb2de02ae6c653f3166abc41db385a5ce46b6ee7f2a111146f6	100.000000000	100.000000000	100.000000000	88
GAME.EXE	0x80018298	game.cd_memory	cd_extent_read_into	c44966cb15c38bb2de02ae6c653f3166abc41db385a5ce46b6ee7f2a111146f6	100.000000000	100.000000000	100.000000000	56
GAME.EXE	0x800182d0	game.cd_memory	cd_archive_read	c44966cb15c38bb2de02ae6c653f3166abc41db385a5ce46b6ee7f2a111146f6	100.000000000	100.000000000	100.000000000	148
GAME.EXE	0x80018364	game.cd_memory	cd_file_load	c44966cb15c38bb2de02ae6c653f3166abc41db385a5ce46b6ee7f2a111146f6	100.000000000	100.000000000	100.000000000	180
GAME.EXE	0x80018418	game.cd_memory	cd_file_load_into	c44966cb15c38bb2de02ae6c653f3166abc41db385a5ce46b6ee7f2a111146f6	100.000000000	100.000000000	100.000000000	184
GAME.EXE	0x800184d0	game.cd_memory	cd_archive_open	c44966cb15c38bb2de02ae6c653f3166abc41db385a5ce46b6ee7f2a111146f6	100.000000000	100.000000000	100.000000000	240
GAME.EXE	0x800185c0	game.cd_memory	cd_initialize	c44966cb15c38bb2de02ae6c653f3166abc41db385a5ce46b6ee7f2a111146f6	100.000000000	100.000000000	100.000000000	316
GAME.EXE	0x800186fc	game.cd_memory	cd_close_events	c44966cb15c38bb2de02ae6c653f3166abc41db385a5ce46b6ee7f2a111146f6	100.000000000	100.000000000	100.000000000	104
GAME.EXE	0x80018764	game.menu_root	menu_unused_stub	1edefaeef76a1c16432394cd6bee242763c879b1e07344d5f1ee2d855ecc39f9	100.000000000	100.000000000	100.000000000	8
GAME.EXE	0x8001876c	game.menu_root	menu_run_root_controller	1edefaeef76a1c16432394cd6bee242763c879b1e07344d5f1ee2d855ecc39f9	100.000000000	100.000000000	100.000000000	644
GAME.EXE	0x800189f0	game.menu_root	menu_draw_location_number	1edefaeef76a1c16432394cd6bee242763c879b1e07344d5f1ee2d855ecc39f9	100.000000000	100.000000000	100.000000000	216
GAME.EXE	0x80018ac8	game.menu_root	menu_item_selection_controller	1edefaeef76a1c16432394cd6bee242763c879b1e07344d5f1ee2d855ecc39f9	100.000000000	100.000000000	100.000000000	576
GAME.EXE	0x80018d08	game.menu_root	menu_collect_masked_item_rows	1edefaeef76a1c16432394cd6bee242763c879b1e07344d5f1ee2d855ecc39f9	100.000000000	100.000000000	100.000000000	228
GAME.EXE	0x80018dec	game.menu_root	menu_collect_available_item_rows	1edefaeef76a1c16432394cd6bee242763c879b1e07344d5f1ee2d855ecc39f9	100.000000000	100.000000000	100.000000000	416
GAME.EXE	0x80018f8c	game.menu_root	menu_apply_item_effect	1edefaeef76a1c16432394cd6bee242763c879b1e07344d5f1ee2d855ecc39f9	100.000000000	100.000000000	100.000000000	692
GAME.EXE	0x80019240	game.menu_root	player_clear_and_cap_status_effects	1edefaeef76a1c16432394cd6bee242763c879b1e07344d5f1ee2d855ecc39f9	100.000000000	100.000000000	100.000000000	108
GAME.EXE	0x800192ac	game.menu_root	player_cap_darkness_phase	1edefaeef76a1c16432394cd6bee242763c879b1e07344d5f1ee2d855ecc39f9	100.000000000	100.000000000	100.000000000	48
GAME.EXE	0x800192dc	game.menu_root	player_cap_curse_strength	1edefaeef76a1c16432394cd6bee242763c879b1e07344d5f1ee2d855ecc39f9	100.000000000	100.000000000	100.000000000	48
GAME.EXE	0x8001930c	game.menu_root	menu_show_map_preview	1edefaeef76a1c16432394cd6bee242763c879b1e07344d5f1ee2d855ecc39f9	100.000000000	100.000000000	100.000000000	1320
GAME.EXE	0x80019834	game.menu_root	menu_choose_magic_action	1edefaeef76a1c16432394cd6bee242763c879b1e07344d5f1ee2d855ecc39f9	100.000000000	100.000000000	100.000000000	412
GAME.EXE	0x800199d0	game.menu_root	menu_collect_available_magic_rows	1edefaeef76a1c16432394cd6bee242763c879b1e07344d5f1ee2d855ecc39f9	100.000000000	100.000000000	100.000000000	244
GAME.EXE	0x80019ac4	game.menu_root	menu_equipment_list_controller	1edefaeef76a1c16432394cd6bee242763c879b1e07344d5f1ee2d855ecc39f9	100.000000000	100.000000000	100.000000000	544
GAME.EXE	0x80019ce4	game.menu_root	menu_build_equipped_label_rows	1edefaeef76a1c16432394cd6bee242763c879b1e07344d5f1ee2d855ecc39f9	100.000000000	100.000000000	100.000000000	496
GAME.EXE	0x80019ed4	game.menu_root	menu_equipment_category_controller	1edefaeef76a1c16432394cd6bee242763c879b1e07344d5f1ee2d855ecc39f9	100.000000000	100.000000000	100.000000000	1056
GAME.EXE	0x8001a2f4	game.menu_root	menu_choose_primary_magic_shortcut	1edefaeef76a1c16432394cd6bee242763c879b1e07344d5f1ee2d855ecc39f9	100.000000000	100.000000000	100.000000000	508
GAME.EXE	0x8001a4f0	game.menu_root	menu_item_magic_controller	1edefaeef76a1c16432394cd6bee242763c879b1e07344d5f1ee2d855ecc39f9	100.000000000	100.000000000	100.000000000	780
GAME.EXE	0x8001a7fc	game.menu_root	menu_show_combat_attributes	1edefaeef76a1c16432394cd6bee242763c879b1e07344d5f1ee2d855ecc39f9	100.000000000	100.000000000	100.000000000	156
GAME.EXE	0x8001a898	game.menu_root	menu_item_use_controller	1edefaeef76a1c16432394cd6bee242763c879b1e07344d5f1ee2d855ecc39f9	100.000000000	100.000000000	100.000000000	516
GAME.EXE	0x8001aa9c	game.menu_root	menu_run_card_choice	1edefaeef76a1c16432394cd6bee242763c879b1e07344d5f1ee2d855ecc39f9	100.000000000	100.000000000	100.000000000	484
GAME.EXE	0x8001ac80	game.menu_root	menu_card_load_browser	1edefaeef76a1c16432394cd6bee242763c879b1e07344d5f1ee2d855ecc39f9	100.000000000	100.000000000	100.000000000	688
GAME.EXE	0x8001af30	game.menu_root	menu_card_build_slot_rows	1edefaeef76a1c16432394cd6bee242763c879b1e07344d5f1ee2d855ecc39f9	100.000000000	100.000000000	100.000000000	256
GAME.EXE	0x8001b030	game.menu_root	menu_show_dialog_panel	1edefaeef76a1c16432394cd6bee242763c879b1e07344d5f1ee2d855ecc39f9	100.000000000	100.000000000	100.000000000	284
GAME.EXE	0x8001b14c	game.menu_root	menu_prompt_two_option	1edefaeef76a1c16432394cd6bee242763c879b1e07344d5f1ee2d855ecc39f9	100.000000000	100.000000000	100.000000000	400
GAME.EXE	0x8001b2dc	game.menu_root	menu_options_controller	1edefaeef76a1c16432394cd6bee242763c879b1e07344d5f1ee2d855ecc39f9	100.000000000	100.000000000	100.000000000	632
GAME.EXE	0x8001b554	game.menu_root	menu_card_browser	1edefaeef76a1c16432394cd6bee242763c879b1e07344d5f1ee2d855ecc39f9	100.000000000	100.000000000	100.000000000	736
GAME.EXE	0x8001b834	game.menu_root	menu_card_load_slot_browser	1edefaeef76a1c16432394cd6bee242763c879b1e07344d5f1ee2d855ecc39f9	100.000000000	100.000000000	100.000000000	588
GAME.EXE	0x8001ba80	game.menu_root	menu_build_card_probe_error_rows	1edefaeef76a1c16432394cd6bee242763c879b1e07344d5f1ee2d855ecc39f9	100.000000000	100.000000000	100.000000000	276
GAME.EXE	0x8001bb94	game.menu_root	menu_build_card_full_rows	1edefaeef76a1c16432394cd6bee242763c879b1e07344d5f1ee2d855ecc39f9	100.000000000	100.000000000	100.000000000	360
GAME.EXE	0x8001bcfc	game.menu_root	menu_card_save_browser	1edefaeef76a1c16432394cd6bee242763c879b1e07344d5f1ee2d855ecc39f9	100.000000000	100.000000000	100.000000000	620
GAME.EXE	0x8001bf68	game.menu_root	menu_card_save_slot	1edefaeef76a1c16432394cd6bee242763c879b1e07344d5f1ee2d855ecc39f9	100.000000000	100.000000000	100.000000000	452
GAME.EXE	0x8001c12c	game.menu_root	menu_confirm_card_format	1edefaeef76a1c16432394cd6bee242763c879b1e07344d5f1ee2d855ecc39f9	100.000000000	100.000000000	100.000000000	1060
GAME.EXE	0x8001c550	game.menu_root	menu_prepare_card_browser_rows	1edefaeef76a1c16432394cd6bee242763c879b1e07344d5f1ee2d855ecc39f9	100.000000000	100.000000000	100.000000000	220
GAME.EXE	0x8001c62c	game.menu_root	menu_prepare_card_io_error_rows	1edefaeef76a1c16432394cd6bee242763c879b1e07344d5f1ee2d855ecc39f9	100.000000000	100.000000000	100.000000000	324
GAME.EXE	0x8001c770	game.menu_root	menu_prepare_card_format_declined_rows	1edefaeef76a1c16432394cd6bee242763c879b1e07344d5f1ee2d855ecc39f9	100.000000000	100.000000000	100.000000000	320
GAME.EXE	0x8001c8b0	game.menu_root	menu_prepare_card_write_full_rows	1edefaeef76a1c16432394cd6bee242763c879b1e07344d5f1ee2d855ecc39f9	100.000000000	100.000000000	100.000000000	324
GAME.EXE	0x8001c9f4	game.menu_root	menu_prepare_card_write_rows	1edefaeef76a1c16432394cd6bee242763c879b1e07344d5f1ee2d855ecc39f9	100.000000000	100.000000000	100.000000000	224
GAME.EXE	0x8001cad4	game.menu_root	menu_prepare_card_read_row	1edefaeef76a1c16432394cd6bee242763c879b1e07344d5f1ee2d855ecc39f9	100.000000000	100.000000000	100.000000000	112
GAME.EXE	0x8001cb44	game.menu_root	menu_prepare_card_read_failure_rows	1edefaeef76a1c16432394cd6bee242763c879b1e07344d5f1ee2d855ecc39f9	100.000000000	100.000000000	100.000000000	400
GAME.EXE	0x8001ccd4	game.menu_root	menu_prepare_card_exit_rows	1edefaeef76a1c16432394cd6bee242763c879b1e07344d5f1ee2d855ecc39f9	100.000000000	100.000000000	100.000000000	220
GAME.EXE	0x8001cdb0	game.menu_root	menu_draw_card_dialog_rows	1edefaeef76a1c16432394cd6bee242763c879b1e07344d5f1ee2d855ecc39f9	100.000000000	100.000000000	100.000000000	264
GAME.EXE	0x8001ceb8	game.menu_root	menu_item_buy_sell_controller	1edefaeef76a1c16432394cd6bee242763c879b1e07344d5f1ee2d855ecc39f9	100.000000000	100.000000000	100.000000000	376
GAME.EXE	0x8001d030	game.menu_root	menu_item_buy_controller	1edefaeef76a1c16432394cd6bee242763c879b1e07344d5f1ee2d855ecc39f9	100.000000000	100.000000000	100.000000000	784
GAME.EXE	0x8001d340	game.menu_root	menu_fill_item_counts_and_prices	1edefaeef76a1c16432394cd6bee242763c879b1e07344d5f1ee2d855ecc39f9	100.000000000	100.000000000	100.000000000	116
GAME.EXE	0x8001d3b4	game.menu_root	menu_item_sell_controller	1edefaeef76a1c16432394cd6bee242763c879b1e07344d5f1ee2d855ecc39f9	100.000000000	100.000000000	100.000000000	672
GAME.EXE	0x8001d654	game.menu_root	menu_fill_item_prices	1edefaeef76a1c16432394cd6bee242763c879b1e07344d5f1ee2d855ecc39f9	100.000000000	100.000000000	100.000000000	84
GAME.EXE	0x8001d6a8	game.menu_root	menu_choose_inventory_item	1edefaeef76a1c16432394cd6bee242763c879b1e07344d5f1ee2d855ecc39f9	100.000000000	100.000000000	100.000000000	552
GAME.EXE	0x8001d8d0	game.menu_root	menu_item_trade_controller	1edefaeef76a1c16432394cd6bee242763c879b1e07344d5f1ee2d855ecc39f9	100.000000000	100.000000000	100.000000000	916
GAME.EXE	0x8001dc64	game.menu_root	menu_item_stock_choice_controller	1edefaeef76a1c16432394cd6bee242763c879b1e07344d5f1ee2d855ecc39f9	100.000000000	100.000000000	100.000000000	364
GAME.EXE	0x8001ddd0	game.menu_root	menu_buy_masked_stock_items	1edefaeef76a1c16432394cd6bee242763c879b1e07344d5f1ee2d855ecc39f9	100.000000000	100.000000000	100.000000000	728
GAME.EXE	0x8001e0a8	game.menu_root	menu_buy_owned_items	1edefaeef76a1c16432394cd6bee242763c879b1e07344d5f1ee2d855ecc39f9	100.000000000	100.000000000	100.000000000	720
GAME.EXE	0x8001e378	game.menu_root	menu_poll_choice_input	1edefaeef76a1c16432394cd6bee242763c879b1e07344d5f1ee2d855ecc39f9	100.000000000	100.000000000	100.000000000	268
GAME.EXE	0x8001e484	game.menu_root	menu_update_list_input	1edefaeef76a1c16432394cd6bee242763c879b1e07344d5f1ee2d855ecc39f9	100.000000000	100.000000000	100.000000000	1224
GAME.EXE	0x8001e94c	game.menu_root	menu_draw_player_status	1edefaeef76a1c16432394cd6bee242763c879b1e07344d5f1ee2d855ecc39f9	100.000000000	100.000000000	100.000000000	1724
GAME.EXE	0x8001f008	game.menu_root	menu_draw_combat_attributes	1edefaeef76a1c16432394cd6bee242763c879b1e07344d5f1ee2d855ecc39f9	100.000000000	100.000000000	100.000000000	1936
GAME.EXE	0x8001f798	game.menu_root	menu_draw_options_rows	1edefaeef76a1c16432394cd6bee242763c879b1e07344d5f1ee2d855ecc39f9	100.000000000	100.000000000	100.000000000	288
GAME.EXE	0x8001f8b8	game.menu_root	menu_preview_choice	1edefaeef76a1c16432394cd6bee242763c879b1e07344d5f1ee2d855ecc39f9	100.000000000	100.000000000	100.000000000	724
GAME.EXE	0x8001fb8c	game.menu_root	menu_draw_window	1edefaeef76a1c16432394cd6bee242763c879b1e07344d5f1ee2d855ecc39f9	100.000000000	100.000000000	100.000000000	264
GAME.EXE	0x8001fc94	game.menu_root	menu_render_list	1edefaeef76a1c16432394cd6bee242763c879b1e07344d5f1ee2d855ecc39f9	100.000000000	100.000000000	100.000000000	2740
GAME.EXE	0x80020748	game.menu_root	menu_draw_two_option	1edefaeef76a1c16432394cd6bee242763c879b1e07344d5f1ee2d855ecc39f9	100.000000000	100.000000000	100.000000000	244
GAME.EXE	0x8002083c	game.menu_root	menu_update_item_preview	1edefaeef76a1c16432394cd6bee242763c879b1e07344d5f1ee2d855ecc39f9	100.000000000	100.000000000	100.000000000	340
GAME.EXE	0x80020990	game.menu_root	menu_draw_status_counters	1edefaeef76a1c16432394cd6bee242763c879b1e07344d5f1ee2d855ecc39f9	100.000000000	100.000000000	100.000000000	448
GAME.EXE	0x80020b50	game.menu_root	menu_blit_sprite_translucent	1edefaeef76a1c16432394cd6bee242763c879b1e07344d5f1ee2d855ecc39f9	100.000000000	100.000000000	100.000000000	464
GAME.EXE	0x80020d20	game.menu_root	menu_blit_sprite	1edefaeef76a1c16432394cd6bee242763c879b1e07344d5f1ee2d855ecc39f9	100.000000000	100.000000000	100.000000000	472
GAME.EXE	0x80020ef8	game.menu_root	menu_blit_sprite_fixed_clut	1edefaeef76a1c16432394cd6bee242763c879b1e07344d5f1ee2d855ecc39f9	100.000000000	100.000000000	100.000000000	436
GAME.EXE	0x800210ac	game.menu_root	menu_draw_string	1edefaeef76a1c16432394cd6bee242763c879b1e07344d5f1ee2d855ecc39f9	100.000000000	100.000000000	100.000000000	1124
GAME.EXE	0x80021510	game.menu_root	menu_draw_number	1edefaeef76a1c16432394cd6bee242763c879b1e07344d5f1ee2d855ecc39f9	100.000000000	100.000000000	100.000000000	736
GAME.EXE	0x800217f0	game.menu_root	menu_draw_nine_slice_panel	1edefaeef76a1c16432394cd6bee242763c879b1e07344d5f1ee2d855ecc39f9	100.000000000	100.000000000	100.000000000	624
GAME.EXE	0x80021a60	game.menu_root	menu_render_list_mode_8_9_noop	1edefaeef76a1c16432394cd6bee242763c879b1e07344d5f1ee2d855ecc39f9	100.000000000	100.000000000	100.000000000	8
GAME.EXE	0x80021a68	game.menu_root	menu_frame_begin	1edefaeef76a1c16432394cd6bee242763c879b1e07344d5f1ee2d855ecc39f9	100.000000000	100.000000000	100.000000000	376
GAME.EXE	0x80021be0	game.menu_root	menu_present_frame	1edefaeef76a1c16432394cd6bee242763c879b1e07344d5f1ee2d855ecc39f9	100.000000000	100.000000000	100.000000000	172
GAME.EXE	0x80021c8c	game.menu_root	menu_enter_display_state	1edefaeef76a1c16432394cd6bee242763c879b1e07344d5f1ee2d855ecc39f9	100.000000000	100.000000000	100.000000000	372
GAME.EXE	0x80021e00	game.menu_root	menu_exit_display_state	1edefaeef76a1c16432394cd6bee242763c879b1e07344d5f1ee2d855ecc39f9	100.000000000	100.000000000	100.000000000	272
GAME.EXE	0x80021f10	game.menu_root	primitive_buffer_begin_poly_ft4	1edefaeef76a1c16432394cd6bee242763c879b1e07344d5f1ee2d855ecc39f9	100.000000000	100.000000000	100.000000000	80
GAME.EXE	0x80021f60	game.menu_root	primitive_buffer_commit_poly_ft4	1edefaeef76a1c16432394cd6bee242763c879b1e07344d5f1ee2d855ecc39f9	100.000000000	100.000000000	100.000000000	80
GAME.EXE	0x80021fb0	game.menu_root	menu_list_init	1edefaeef76a1c16432394cd6bee242763c879b1e07344d5f1ee2d855ecc39f9	100.000000000	100.000000000	100.000000000	168
GAME.EXE	0x80022058	game.menu_root	menu_format_number	1edefaeef76a1c16432394cd6bee242763c879b1e07344d5f1ee2d855ecc39f9	100.000000000	100.000000000	100.000000000	400
GAME.EXE	0x800221e8	game.menu_root	menu_load_item_model	1edefaeef76a1c16432394cd6bee242763c879b1e07344d5f1ee2d855ecc39f9	100.000000000	100.000000000	100.000000000	212
GAME.EXE	0x800222bc	game.menu_root	menu_release_item_model	1edefaeef76a1c16432394cd6bee242763c879b1e07344d5f1ee2d855ecc39f9	100.000000000	100.000000000	100.000000000	68
GAME.EXE	0x80022300	game.menu_root	menu_play_sound_cue	1edefaeef76a1c16432394cd6bee242763c879b1e07344d5f1ee2d855ecc39f9	100.000000000	100.000000000	100.000000000	148
GAME.EXE	0x80022394	game.menu_root	input_read_mark_active	1edefaeef76a1c16432394cd6bee242763c879b1e07344d5f1ee2d855ecc39f9	100.000000000	100.000000000	100.000000000	56
GAME.EXE	0x800223cc	game.menu_root	input_wait_brief_release	1edefaeef76a1c16432394cd6bee242763c879b1e07344d5f1ee2d855ecc39f9	100.000000000	100.000000000	100.000000000	108
GAME.EXE	0x80022438	game.memory_card_events	input_wait_release	c66a88bfa96e4f963f5655325e269cc10f3b90cafc71318e482571c0d51027f8	100.000000000	100.000000000	100.000000000	48
GAME.EXE	0x80022468	game.memory_card_events	memory_card_initialize	c66a88bfa96e4f963f5655325e269cc10f3b90cafc71318e482571c0d51027f8	100.000000000	100.000000000	100.000000000	232
GAME.EXE	0x80022550	game.memory_card_events	memory_card_shutdown_events	c66a88bfa96e4f963f5655325e269cc10f3b90cafc71318e482571c0d51027f8	100.000000000	100.000000000	100.000000000	96
GAME.EXE	0x800225b0	game.memory_card_events	memory_card_start	c66a88bfa96e4f963f5655325e269cc10f3b90cafc71318e482571c0d51027f8	100.000000000	100.000000000	100.000000000	40
GAME.EXE	0x800225d8	game.memory_card_events	memory_card_stop	c66a88bfa96e4f963f5655325e269cc10f3b90cafc71318e482571c0d51027f8	100.000000000	100.000000000	100.000000000	40
GAME.EXE	0x80022600	game.memory_card_events	memory_card_probe_temporary_file	c66a88bfa96e4f963f5655325e269cc10f3b90cafc71318e482571c0d51027f8	100.000000000	100.000000000	100.000000000	236
GAME.EXE	0x800226ec	game.memory_card_events	memory_card_scan_save_entries	c66a88bfa96e4f963f5655325e269cc10f3b90cafc71318e482571c0d51027f8	100.000000000	100.000000000	100.000000000	476
GAME.EXE	0x800228c8	game.memory_card_events	memory_card_read_slot_summary	c66a88bfa96e4f963f5655325e269cc10f3b90cafc71318e482571c0d51027f8	100.000000000	100.000000000	100.000000000	640
GAME.EXE	0x80022b48	game.memory_card_events	memory_card_format	c66a88bfa96e4f963f5655325e269cc10f3b90cafc71318e482571c0d51027f8	100.000000000	100.000000000	100.000000000	44
GAME.EXE	0x80022b74	game.memory_card_events	memory_card_read_slot	c66a88bfa96e4f963f5655325e269cc10f3b90cafc71318e482571c0d51027f8	100.000000000	100.000000000	100.000000000	300
GAME.EXE	0x80022ca0	game.memory_card_events	memory_card_write_slot	c66a88bfa96e4f963f5655325e269cc10f3b90cafc71318e482571c0d51027f8	100.000000000	100.000000000	100.000000000	1240
GAME.EXE	0x80023178	game.memory_card_events	memory_card_write_title_stats	c66a88bfa96e4f963f5655325e269cc10f3b90cafc71318e482571c0d51027f8	100.000000000	100.000000000	100.000000000	272
GAME.EXE	0x80023288	game.memory_card_events	memory_card_payload_byte_sum	c66a88bfa96e4f963f5655325e269cc10f3b90cafc71318e482571c0d51027f8	100.000000000	100.000000000	100.000000000	36
GAME.EXE	0x800232ac	game.memory_card_events	memory_card_wait_event	c66a88bfa96e4f963f5655325e269cc10f3b90cafc71318e482571c0d51027f8	100.000000000	100.000000000	100.000000000	128
GAME.EXE	0x8002332c	game.memory_card_events	memory_card_clear_events	c66a88bfa96e4f963f5655325e269cc10f3b90cafc71318e482571c0d51027f8	100.000000000	100.000000000	100.000000000	88
GAME.EXE	0x80023384	game.player_collision_bounds	player_update_collision_bounds	70c27bba7bda729bdd28fcd84a550eacb39a0b3e36b3d31e0a77542ee2362f9b	100.000000000	100.000000000	100.000000000	172
GAME.EXE	0x80023430	game.player_collision_bounds	player_distance_to_point_with_margin	70c27bba7bda729bdd28fcd84a550eacb39a0b3e36b3d31e0a77542ee2362f9b	100.000000000	100.000000000	100.000000000	84
GAME.EXE	0x80023484	game.player_collision_bounds	player_reset_view	70c27bba7bda729bdd28fcd84a550eacb39a0b3e36b3d31e0a77542ee2362f9b	100.000000000	100.000000000	100.000000000	236
GAME.EXE	0x80023570	game.player_runtime	player_restore_equipment_effects	c0c1bc50e181c7c8cf28e3bd8625c1ddd191d390b983c0a25cb38d1a0b4caa8b	100.000000000	100.000000000	100.000000000	156
GAME.EXE	0x8002360c	game.player_runtime	player_reload_map_resources	c0c1bc50e181c7c8cf28e3bd8625c1ddd191d390b983c0a25cb38d1a0b4caa8b	100.000000000	100.000000000	100.000000000	520
GAME.EXE	0x80023814	game.player_runtime	player_charge_gain_for_rank	c0c1bc50e181c7c8cf28e3bd8625c1ddd191d390b983c0a25cb38d1a0b4caa8b	100.000000000	100.000000000	100.000000000	84
GAME.EXE	0x80023868	game.player_runtime	player_add_equipment_bonuses	c0c1bc50e181c7c8cf28e3bd8625c1ddd191d390b983c0a25cb38d1a0b4caa8b	100.000000000	100.000000000	100.000000000	284
GAME.EXE	0x80023984	game.player_runtime	player_recalculate_combat_stats	c0c1bc50e181c7c8cf28e3bd8625c1ddd191d390b983c0a25cb38d1a0b4caa8b	100.000000000	100.000000000	100.000000000	1712
GAME.EXE	0x80024034	game.player_runtime	player_increment_physical_power_training	c0c1bc50e181c7c8cf28e3bd8625c1ddd191d390b983c0a25cb38d1a0b4caa8b	100.000000000	100.000000000	100.000000000	152
GAME.EXE	0x800240cc	game.player_runtime	player_increment_magic_training	c0c1bc50e181c7c8cf28e3bd8625c1ddd191d390b983c0a25cb38d1a0b4caa8b	100.000000000	100.000000000	100.000000000	152
GAME.EXE	0x80024164	game.player_runtime	player_add_experience	c0c1bc50e181c7c8cf28e3bd8625c1ddd191d390b983c0a25cb38d1a0b4caa8b	100.000000000	100.000000000	100.000000000	544
GAME.EXE	0x80024384	game.player_runtime	player_calculate_damage_component	c0c1bc50e181c7c8cf28e3bd8625c1ddd191d390b983c0a25cb38d1a0b4caa8b	100.000000000	100.000000000	100.000000000	196
GAME.EXE	0x80024448	game.player_runtime	player_adjust_hp_unclamped	c0c1bc50e181c7c8cf28e3bd8625c1ddd191d390b983c0a25cb38d1a0b4caa8b	100.000000000	100.000000000	100.000000000	80
GAME.EXE	0x80024498	game.player_runtime	player_apply_damage_reaction	c0c1bc50e181c7c8cf28e3bd8625c1ddd191d390b983c0a25cb38d1a0b4caa8b	100.000000000	100.000000000	100.000000000	844
GAME.EXE	0x800247e4	game.player_runtime	player_cap_status_components	c0c1bc50e181c7c8cf28e3bd8625c1ddd191d390b983c0a25cb38d1a0b4caa8b	100.000000000	100.000000000	100.000000000	196
GAME.EXE	0x800248a8	game.player_runtime	player_apply_damage	c0c1bc50e181c7c8cf28e3bd8625c1ddd191d390b983c0a25cb38d1a0b4caa8b	100.000000000	100.000000000	100.000000000	1020
GAME.EXE	0x80024ca4	game.player_runtime	player_apply_radial_damage	c0c1bc50e181c7c8cf28e3bd8625c1ddd191d390b983c0a25cb38d1a0b4caa8b	100.000000000	100.000000000	100.000000000	560
GAME.EXE	0x80024ed4	game.player_runtime	player_get_camera_pose	c0c1bc50e181c7c8cf28e3bd8625c1ddd191d390b983c0a25cb38d1a0b4caa8b	100.000000000	100.000000000	100.000000000	120
GAME.EXE	0x80024f4c	game.player_runtime	player_reset_status	c0c1bc50e181c7c8cf28e3bd8625c1ddd191d390b983c0a25cb38d1a0b4caa8b	100.000000000	100.000000000	100.000000000	184
GAME.EXE	0x80025004	game.player_runtime	player_initialize_state	c0c1bc50e181c7c8cf28e3bd8625c1ddd191d390b983c0a25cb38d1a0b4caa8b	100.000000000	100.000000000	100.000000000	384
GAME.EXE	0x80025184	game.player_runtime	game_initialize_session	c0c1bc50e181c7c8cf28e3bd8625c1ddd191d390b983c0a25cb38d1a0b4caa8b	100.000000000	100.000000000	100.000000000	108
GAME.EXE	0x800251f0	game.player_runtime	player_clear_motion	c0c1bc50e181c7c8cf28e3bd8625c1ddd191d390b983c0a25cb38d1a0b4caa8b	100.000000000	100.000000000	100.000000000	68
GAME.EXE	0x80025234	game.player_runtime	player_sync_position_to_map	c0c1bc50e181c7c8cf28e3bd8625c1ddd191d390b983c0a25cb38d1a0b4caa8b	100.000000000	100.000000000	100.000000000	176
GAME.EXE	0x800252e4	game.player_runtime	player_distance_to_point_in_cone	c0c1bc50e181c7c8cf28e3bd8625c1ddd191d390b983c0a25cb38d1a0b4caa8b	100.000000000	100.000000000	100.000000000	200
GAME.EXE	0x800253ac	game.player_runtime	player_distance_to_point	c0c1bc50e181c7c8cf28e3bd8625c1ddd191d390b983c0a25cb38d1a0b4caa8b	100.000000000	100.000000000	100.000000000	80
GAME.EXE	0x800253fc	game.player_runtime	player_set_primary_magic_shortcut_id	c0c1bc50e181c7c8cf28e3bd8625c1ddd191d390b983c0a25cb38d1a0b4caa8b	100.000000000	100.000000000	100.000000000	16
GAME.EXE	0x8002540c	game.player_runtime	player_set_secondary_magic_shortcut_id	c0c1bc50e181c7c8cf28e3bd8625c1ddd191d390b983c0a25cb38d1a0b4caa8b	100.000000000	100.000000000	100.000000000	40
GAME.EXE	0x80025434	game.player_runtime	player_set_secondary_item_shortcut_id	c0c1bc50e181c7c8cf28e3bd8625c1ddd191d390b983c0a25cb38d1a0b4caa8b	100.000000000	100.000000000	100.000000000	40
GAME.EXE	0x8002545c	game.player_runtime	player_set_equipment_slot	c0c1bc50e181c7c8cf28e3bd8625c1ddd191d390b983c0a25cb38d1a0b4caa8b	100.000000000	100.000000000	100.000000000	576
GAME.EXE	0x8002569c	game.player_runtime	player_equip_weapon	c0c1bc50e181c7c8cf28e3bd8625c1ddd191d390b983c0a25cb38d1a0b4caa8b	100.000000000	100.000000000	100.000000000	184
GAME.EXE	0x80025754	game.player_runtime	player_begin_weapon_attack	c0c1bc50e181c7c8cf28e3bd8625c1ddd191d390b983c0a25cb38d1a0b4caa8b	100.000000000	100.000000000	100.000000000	292
GAME.EXE	0x80025878	game.player_runtime	player_probe_view_target_and_vectors	c0c1bc50e181c7c8cf28e3bd8625c1ddd191d390b983c0a25cb38d1a0b4caa8b	100.000000000	100.000000000	100.000000000	416
GAME.EXE	0x80025a18	game.player_runtime	player_dispatch_magic_effect	c0c1bc50e181c7c8cf28e3bd8625c1ddd191d390b983c0a25cb38d1a0b4caa8b	100.000000000	100.000000000	100.000000000	2328
GAME.EXE	0x80026330	game.player_runtime	player_sample_weapon_world_vertex	c0c1bc50e181c7c8cf28e3bd8625c1ddd191d390b983c0a25cb38d1a0b4caa8b	100.000000000	100.000000000	100.000000000	308
GAME.EXE	0x80026464	game.player_runtime	player_meets_weapon_magic_power_requirement	c0c1bc50e181c7c8cf28e3bd8625c1ddd191d390b983c0a25cb38d1a0b4caa8b	100.000000000	100.000000000	100.000000000	52
GAME.EXE	0x80026498	game.player_runtime	player_dispatch_weapon_magic	c0c1bc50e181c7c8cf28e3bd8625c1ddd191d390b983c0a25cb38d1a0b4caa8b	100.000000000	100.000000000	100.000000000	452
GAME.EXE	0x8002665c	game.player_runtime	player_update_weapon_attack	c0c1bc50e181c7c8cf28e3bd8625c1ddd191d390b983c0a25cb38d1a0b4caa8b	100.000000000	100.000000000	100.000000000	3024
GAME.EXE	0x8002722c	game.player_runtime	player_select_magic_action	c0c1bc50e181c7c8cf28e3bd8625c1ddd191d390b983c0a25cb38d1a0b4caa8b	100.000000000	100.000000000	100.000000000	704
GAME.EXE	0x800274ec	game.player_runtime	player_move_horizontal	c0c1bc50e181c7c8cf28e3bd8625c1ddd191d390b983c0a25cb38d1a0b4caa8b	100.000000000	100.000000000	100.000000000	1084
GAME.EXE	0x80027928	game.player_runtime	player_check_fall_death	c0c1bc50e181c7c8cf28e3bd8625c1ddd191d390b983c0a25cb38d1a0b4caa8b	100.000000000	100.000000000	100.000000000	96
GAME.EXE	0x80027988	game.player_runtime	player_play_landing_sound	c0c1bc50e181c7c8cf28e3bd8625c1ddd191d390b983c0a25cb38d1a0b4caa8b	100.000000000	100.000000000	100.000000000	68
GAME.EXE	0x800279cc	game.player_runtime	player_update_vertical_motion	c0c1bc50e181c7c8cf28e3bd8625c1ddd191d390b983c0a25cb38d1a0b4caa8b	100.000000000	100.000000000	100.000000000	1452
GAME.EXE	0x80027f78	game.player_runtime	player_move_reaction_with_collision	c0c1bc50e181c7c8cf28e3bd8625c1ddd191d390b983c0a25cb38d1a0b4caa8b	100.000000000	100.000000000	100.000000000	684
GAME.EXE	0x80028224	game.player_runtime	player_update_camera_rotation	c0c1bc50e181c7c8cf28e3bd8625c1ddd191d390b983c0a25cb38d1a0b4caa8b	100.000000000	100.000000000	100.000000000	760
GAME.EXE	0x8002851c	game.player_runtime	player_update_horizontal_motion	c0c1bc50e181c7c8cf28e3bd8625c1ddd191d390b983c0a25cb38d1a0b4caa8b	100.000000000	100.000000000	100.000000000	1120
GAME.EXE	0x8002897c	game.player_runtime	item_id_is_71_to_80	c0c1bc50e181c7c8cf28e3bd8625c1ddd191d390b983c0a25cb38d1a0b4caa8b	100.000000000	100.000000000	100.000000000	28
GAME.EXE	0x80028998	game.player_runtime	player_update_actions_and_charge	c0c1bc50e181c7c8cf28e3bd8625c1ddd191d390b983c0a25cb38d1a0b4caa8b	100.000000000	100.000000000	100.000000000	1320
GAME.EXE	0x80028ec0	game.player_runtime	player_update_reaction_rotation_offsets	c0c1bc50e181c7c8cf28e3bd8625c1ddd191d390b983c0a25cb38d1a0b4caa8b	100.000000000	100.000000000	100.000000000	232
GAME.EXE	0x80028fa8	game.player_runtime	player_render_frame_and_release_pool	c0c1bc50e181c7c8cf28e3bd8625c1ddd191d390b983c0a25cb38d1a0b4caa8b	100.000000000	100.000000000	100.000000000	108
GAME.EXE	0x80029014	game.player_runtime	player_handle_interaction_and_menu	c0c1bc50e181c7c8cf28e3bd8625c1ddd191d390b983c0a25cb38d1a0b4caa8b	100.000000000	100.000000000	100.000000000	340
GAME.EXE	0x80029168	game.player_runtime	player_reset_reaction_state	c0c1bc50e181c7c8cf28e3bd8625c1ddd191d390b983c0a25cb38d1a0b4caa8b	100.000000000	100.000000000	100.000000000	104
GAME.EXE	0x800291d0	game.player_runtime	player_begin_map_object_view_follow	c0c1bc50e181c7c8cf28e3bd8625c1ddd191d390b983c0a25cb38d1a0b4caa8b	100.000000000	100.000000000	100.000000000	28
GAME.EXE	0x800291ec	game.player_runtime	player_apply_map_object_reaction	c0c1bc50e181c7c8cf28e3bd8625c1ddd191d390b983c0a25cb38d1a0b4caa8b	100.000000000	100.000000000	100.000000000	488
GAME.EXE	0x800293d4	game.player_runtime	player_begin_view_reaction	c0c1bc50e181c7c8cf28e3bd8625c1ddd191d390b983c0a25cb38d1a0b4caa8b	100.000000000	100.000000000	100.000000000	84
GAME.EXE	0x80029428	game.player_runtime	player_begin_rotation_reaction	c0c1bc50e181c7c8cf28e3bd8625c1ddd191d390b983c0a25cb38d1a0b4caa8b	100.000000000	100.000000000	100.000000000	60
GAME.EXE	0x80029464	game.player_runtime	player_begin_moving_damage_reaction	c0c1bc50e181c7c8cf28e3bd8625c1ddd191d390b983c0a25cb38d1a0b4caa8b	100.000000000	100.000000000	100.000000000	148
GAME.EXE	0x800294f8	game.player_runtime	player_begin_rotation_only_damage_reaction	c0c1bc50e181c7c8cf28e3bd8625c1ddd191d390b983c0a25cb38d1a0b4caa8b	100.000000000	100.000000000	100.000000000	120
GAME.EXE	0x80029570	game.player_runtime	player_death_begin	c0c1bc50e181c7c8cf28e3bd8625c1ddd191d390b983c0a25cb38d1a0b4caa8b	100.000000000	100.000000000	100.000000000	136
GAME.EXE	0x800295f8	game.player_runtime	player_begin_actor_overlap_bob	c0c1bc50e181c7c8cf28e3bd8625c1ddd191d390b983c0a25cb38d1a0b4caa8b	100.000000000	100.000000000	100.000000000	44
GAME.EXE	0x80029624	game.player_runtime	status_phase_step_scaled	c0c1bc50e181c7c8cf28e3bd8625c1ddd191d390b983c0a25cb38d1a0b4caa8b	100.000000000	100.000000000	100.000000000	196
GAME.EXE	0x800296e8	game.player_runtime	player_adjust_hp	c0c1bc50e181c7c8cf28e3bd8625c1ddd191d390b983c0a25cb38d1a0b4caa8b	100.000000000	100.000000000	100.000000000	116
GAME.EXE	0x8002975c	game.player_runtime	player_adjust_mp	c0c1bc50e181c7c8cf28e3bd8625c1ddd191d390b983c0a25cb38d1a0b4caa8b	100.000000000	100.000000000	100.000000000	88
GAME.EXE	0x800297b4	game.player_runtime	player_apply_equipment_hp_tick	c0c1bc50e181c7c8cf28e3bd8625c1ddd191d390b983c0a25cb38d1a0b4caa8b	100.000000000	100.000000000	100.000000000	168
GAME.EXE	0x8002985c	game.player_runtime	player_update_frame	c0c1bc50e181c7c8cf28e3bd8625c1ddd191d390b983c0a25cb38d1a0b4caa8b	100.000000000	100.000000000	100.000000000	4396
GAME.EXE	0x8002a988	game.collision_grid_sample	collision_sample_map_cell_layer	becdaa7696a86dde82075541460a52b8a4d28fb67aea101b25ae9229f9cdb111	100.000000000	100.000000000	100.000000000	284
GAME.EXE	0x8002aaa4	game.collision_shape_mask_runtime	collision_evaluate_shape_records	4b331a7d1602b9d77637cb01501042e451df7daff383a02f29d97494508f95ab	100.000000000	100.000000000	100.000000000	2912
GAME.EXE	0x8002b604	game.collision_shape_mask_runtime	collision_probe_floor_height	4b331a7d1602b9d77637cb01501042e451df7daff383a02f29d97494508f95ab	100.000000000	100.000000000	100.000000000	120
GAME.EXE	0x8002b67c	game.collision_shape_mask_runtime	collision_sample_map_layer_height	4b331a7d1602b9d77637cb01501042e451df7daff383a02f29d97494508f95ab	100.000000000	100.000000000	100.000000000	192
GAME.EXE	0x8002b73c	game.collision_shape_mask_runtime	map_cell_add_layer_occupancy	4b331a7d1602b9d77637cb01501042e451df7daff383a02f29d97494508f95ab	100.000000000	100.000000000	100.000000000	188
GAME.EXE	0x8002b7f8	game.collision_shape_mask_runtime	collision_query_shapes_with_layer_sample	4b331a7d1602b9d77637cb01501042e451df7daff383a02f29d97494508f95ab	100.000000000	100.000000000	100.000000000	124
GAME.EXE	0x8002b874	game.collision_shape_mask_runtime	collision_cache_load_hit_bounds	4b331a7d1602b9d77637cb01501042e451df7daff383a02f29d97494508f95ab	100.000000000	100.000000000	100.000000000	352
GAME.EXE	0x8002b9d4	game.collision_shape_mask_runtime	collision_query_world	4b331a7d1602b9d77637cb01501042e451df7daff383a02f29d97494508f95ab	100.000000000	100.000000000	100.000000000	580
GAME.EXE	0x8002bc18	game.collision_shape_mask_runtime	reset_collision_rows_and_overlay	4b331a7d1602b9d77637cb01501042e451df7daff383a02f29d97494508f95ab	100.000000000	100.000000000	100.000000000	292
GAME.EXE	0x8002bd3c	game.collision_shape_mask_runtime	refresh_collision_row_rotations	4b331a7d1602b9d77637cb01501042e451df7daff383a02f29d97494508f95ab	100.000000000	100.000000000	100.000000000	128
GAME.EXE	0x8002bdbc	game.collision_shape_mask_runtime	interpolate_collision_row_fields	4b331a7d1602b9d77637cb01501042e451df7daff383a02f29d97494508f95ab	100.000000000	100.000000000	100.000000000	224
GAME.EXE	0x8002be9c	game.collision_shape_mask_runtime	interpolate_collision_rows	4b331a7d1602b9d77637cb01501042e451df7daff383a02f29d97494508f95ab	100.000000000	100.000000000	100.000000000	156
GAME.EXE	0x8002bf38	game.collision_shape_mask_runtime	interpolate_collision_filter_rows	4b331a7d1602b9d77637cb01501042e451df7daff383a02f29d97494508f95ab	100.000000000	100.000000000	100.000000000	116
GAME.EXE	0x8002bfac	game.collision_shape_mask_runtime	clear_map_cell_layer_masks	4b331a7d1602b9d77637cb01501042e451df7daff383a02f29d97494508f95ab	100.000000000	100.000000000	100.000000000	40
GAME.EXE	0x8002bfd4	game.collision_shape_mask_runtime	rasterize_map_cell_layer_mask_line	4b331a7d1602b9d77637cb01501042e451df7daff383a02f29d97494508f95ab	100.000000000	100.000000000	100.000000000	412
GAME.EXE	0x8002c170	game.collision_shape_mask_runtime	find_map_cell_layer_mask_run_boundary	4b331a7d1602b9d77637cb01501042e451df7daff383a02f29d97494508f95ab	100.000000000	100.000000000	100.000000000	100
GAME.EXE	0x8002c1d4	game.collision_shape_mask_runtime	fill_map_cell_layer_mask_interior	4b331a7d1602b9d77637cb01501042e451df7daff383a02f29d97494508f95ab	100.000000000	100.000000000	100.000000000	188
GAME.EXE	0x8002c290	game.collision_shape_mask_runtime	update_current_map_cell_layer_mask	4b331a7d1602b9d77637cb01501042e451df7daff383a02f29d97494508f95ab	100.000000000	100.000000000	100.000000000	404
GAME.EXE	0x8002c424	game.collision_shape_mask_runtime	sweep_map_cell_layer_mask_line	4b331a7d1602b9d77637cb01501042e451df7daff383a02f29d97494508f95ab	100.000000000	100.000000000	100.000000000	588
GAME.EXE	0x8002c670	game.collision_shape_mask_runtime	build_camera_map_cell_layer_masks	4b331a7d1602b9d77637cb01501042e451df7daff383a02f29d97494508f95ab	100.000000000	100.000000000	100.000000000	1980
GAME.EXE	0x8002ce2c	game.floor_item_find_free	floor_item_find_free	57283665b3374a72f6b62ef6ea92290ddc1bb474c60ef166c317303f05c08d05	100.000000000	100.000000000	100.000000000	60
GAME.EXE	0x8002ce68	game.floor_item_find_free	floor_item_capture_image	57283665b3374a72f6b62ef6ea92290ddc1bb474c60ef166c317303f05c08d05	100.000000000	100.000000000	100.000000000	216
GAME.EXE	0x8002cf40	game.floor_item_find_free	floor_item_update_textures	57283665b3374a72f6b62ef6ea92290ddc1bb474c60ef166c317303f05c08d05	100.000000000	100.000000000	100.000000000	356
GAME.EXE	0x8002d0a4	game.display	fog_set_near	3e22eba368f80d709d2e7cb96629d720f1e92814e220c2cb66d101b9f103686a	100.000000000	100.000000000	100.000000000	48
GAME.EXE	0x8002d0d4	game.display	display_initialize	3e22eba368f80d709d2e7cb96629d720f1e92814e220c2cb66d101b9f103686a	100.000000000	100.000000000	100.000000000	372
GAME.EXE	0x8002d248	game.display	display_reset	3e22eba368f80d709d2e7cb96629d720f1e92814e220c2cb66d101b9f103686a	100.000000000	100.000000000	100.000000000	228
GAME.EXE	0x8002d32c	game.display	display_begin_frame	3e22eba368f80d709d2e7cb96629d720f1e92814e220c2cb66d101b9f103686a	100.000000000	100.000000000	100.000000000	152
GAME.EXE	0x8002d3c4	game.display	display_present_frame	3e22eba368f80d709d2e7cb96629d720f1e92814e220c2cb66d101b9f103686a	100.000000000	100.000000000	100.000000000	148
GAME.EXE	0x8002d458	game.display	tmd_select	3e22eba368f80d709d2e7cb96629d720f1e92814e220c2cb66d101b9f103686a	100.000000000	100.000000000	100.000000000	44
GAME.EXE	0x8002d484	game.display	tmd_get_object	3e22eba368f80d709d2e7cb96629d720f1e92814e220c2cb66d101b9f103686a	100.000000000	100.000000000	100.000000000	36
GAME.EXE	0x8002d4a8	game.display	tmd_set_current_vertices	3e22eba368f80d709d2e7cb96629d720f1e92814e220c2cb66d101b9f103686a	100.000000000	100.000000000	100.000000000	16
GAME.EXE	0x8002d4b8	game.display	tmd_select_object_vertices	3e22eba368f80d709d2e7cb96629d720f1e92814e220c2cb66d101b9f103686a	100.000000000	100.000000000	100.000000000	60
GAME.EXE	0x8002d4f4	game.display	display_set_view_transform	3e22eba368f80d709d2e7cb96629d720f1e92814e220c2cb66d101b9f103686a	100.000000000	100.000000000	100.000000000	232
GAME.EXE	0x8002d5dc	game.display	tmd_prepare_primitive_indices	3e22eba368f80d709d2e7cb96629d720f1e92814e220c2cb66d101b9f103686a	100.000000000	100.000000000	100.000000000	724
GAME.EXE	0x8002d8b0	game.display	tmd_register	3e22eba368f80d709d2e7cb96629d720f1e92814e220c2cb66d101b9f103686a	100.000000000	100.000000000	100.000000000	64
GAME.EXE	0x8002d8f0	game.display	tmd_set_slot	3e22eba368f80d709d2e7cb96629d720f1e92814e220c2cb66d101b9f103686a	100.000000000	100.000000000	100.000000000	32
GAME.EXE	0x8002d910	game.display	tmd_release_slot	3e22eba368f80d709d2e7cb96629d720f1e92814e220c2cb66d101b9f103686a	100.000000000	100.000000000	100.000000000	8
GAME.EXE	0x8002d918	game.display	tmd_project_vertices_with_fog	3e22eba368f80d709d2e7cb96629d720f1e92814e220c2cb66d101b9f103686a	100.000000000	100.000000000	100.000000000	380
GAME.EXE	0x8002da94	game.display	tmd_project_vertices_mark_clipped	3e22eba368f80d709d2e7cb96629d720f1e92814e220c2cb66d101b9f103686a	100.000000000	100.000000000	100.000000000	324
GAME.EXE	0x8002dbd8	game.display	tmd_transform_vertices	3e22eba368f80d709d2e7cb96629d720f1e92814e220c2cb66d101b9f103686a	100.000000000	100.000000000	100.000000000	168
GAME.EXE	0x8002dc80	game.display	tmd_transform_vertices_depth	3e22eba368f80d709d2e7cb96629d720f1e92814e220c2cb66d101b9f103686a	100.000000000	100.000000000	100.000000000	168
GAME.EXE	0x8002dd28	game.display	tmd_project_vertices	3e22eba368f80d709d2e7cb96629d720f1e92814e220c2cb66d101b9f103686a	100.000000000	100.000000000	100.000000000	140
GAME.EXE	0x8002ddb4	game.display	render_enqueue_blended_tmd	3e22eba368f80d709d2e7cb96629d720f1e92814e220c2cb66d101b9f103686a	100.000000000	100.000000000	100.000000000	1832
GAME.EXE	0x8002e4dc	game.display	render_enqueue_textured_tmd	3e22eba368f80d709d2e7cb96629d720f1e92814e220c2cb66d101b9f103686a	100.000000000	100.000000000	100.000000000	1796
GAME.EXE	0x8002ebe0	game.display	render_enqueue_tmd_fixed_depth	3e22eba368f80d709d2e7cb96629d720f1e92814e220c2cb66d101b9f103686a	100.000000000	100.000000000	100.000000000	1460
GAME.EXE	0x8002f194	game.display	render_enqueue_map	3e22eba368f80d709d2e7cb96629d720f1e92814e220c2cb66d101b9f103686a	100.000000000	100.000000000	100.000000000	1052
GAME.EXE	0x8002f5b0	game.display	render_enqueue_clipped_tmd_polygon	3e22eba368f80d709d2e7cb96629d720f1e92814e220c2cb66d101b9f103686a	100.000000000	100.000000000	100.000000000	600
GAME.EXE	0x8002f808	game.display	render_enqueue_tmd_with_clipping	3e22eba368f80d709d2e7cb96629d720f1e92814e220c2cb66d101b9f103686a	100.000000000	100.000000000	100.000000000	1876
GAME.EXE	0x8002ff5c	game.display	tmd_prepare_subdivided_object	3e22eba368f80d709d2e7cb96629d720f1e92814e220c2cb66d101b9f103686a	100.000000000	100.000000000	100.000000000	3260
GAME.EXE	0x80030c18	game.display	render_map_cell_object	3e22eba368f80d709d2e7cb96629d720f1e92814e220c2cb66d101b9f103686a	100.000000000	100.000000000	100.000000000	460
GAME.EXE	0x80030de4	game.display	render_map_cell_layers	3e22eba368f80d709d2e7cb96629d720f1e92814e220c2cb66d101b9f103686a	100.000000000	100.000000000	100.000000000	376
GAME.EXE	0x80030f5c	game.display	render_map_cell_window	3e22eba368f80d709d2e7cb96629d720f1e92814e220c2cb66d101b9f103686a	100.000000000	100.000000000	100.000000000	200
GAME.EXE	0x80031024	game.display	render_active_model_rows	3e22eba368f80d709d2e7cb96629d720f1e92814e220c2cb66d101b9f103686a	100.000000000	100.000000000	100.000000000	396
GAME.EXE	0x800311b0	game.display	render_textured_quad	3e22eba368f80d709d2e7cb96629d720f1e92814e220c2cb66d101b9f103686a	100.000000000	100.000000000	100.000000000	324
GAME.EXE	0x800312f4	game.display	render_sliding_panel_primary	3e22eba368f80d709d2e7cb96629d720f1e92814e220c2cb66d101b9f103686a	100.000000000	100.000000000	100.000000000	144
GAME.EXE	0x80031384	game.display	render_sliding_panel_secondary	3e22eba368f80d709d2e7cb96629d720f1e92814e220c2cb66d101b9f103686a	100.000000000	100.000000000	100.000000000	144
GAME.EXE	0x80031414	game.display	render_color_overlay	3e22eba368f80d709d2e7cb96629d720f1e92814e220c2cb66d101b9f103686a	100.000000000	100.000000000	100.000000000	192
GAME.EXE	0x800314d4	game.display	render_set_color_overlay	3e22eba368f80d709d2e7cb96629d720f1e92814e220c2cb66d101b9f103686a	100.000000000	100.000000000	100.000000000	40
GAME.EXE	0x800314fc	game.display	render_accumulated_color_overlay	3e22eba368f80d709d2e7cb96629d720f1e92814e220c2cb66d101b9f103686a	100.000000000	100.000000000	100.000000000	312
GAME.EXE	0x80031634	game.display	accumulate_color_overlay	3e22eba368f80d709d2e7cb96629d720f1e92814e220c2cb66d101b9f103686a	100.000000000	100.000000000	100.000000000	148
GAME.EXE	0x800316c8	game.display	render_player_weapon	3e22eba368f80d709d2e7cb96629d720f1e92814e220c2cb66d101b9f103686a	100.000000000	100.000000000	100.000000000	392
GAME.EXE	0x80031850	game.display	render_world_model	3e22eba368f80d709d2e7cb96629d720f1e92814e220c2cb66d101b9f103686a	100.000000000	100.000000000	100.000000000	1340
GAME.EXE	0x80031d8c	game.display	render_animated_object	3e22eba368f80d709d2e7cb96629d720f1e92814e220c2cb66d101b9f103686a	100.000000000	100.000000000	100.000000000	532
GAME.EXE	0x80031fa0	game.display	resource_registry_get	3e22eba368f80d709d2e7cb96629d720f1e92814e220c2cb66d101b9f103686a	100.000000000	100.000000000	100.000000000	104
GAME.EXE	0x80032008	game.display	resource_tmd_read_complete	3e22eba368f80d709d2e7cb96629d720f1e92814e220c2cb66d101b9f103686a	100.000000000	100.000000000	100.000000000	56
GAME.EXE	0x80032040	game.display	map_cell_layer_mask	3e22eba368f80d709d2e7cb96629d720f1e92814e220c2cb66d101b9f103686a	100.000000000	100.000000000	100.000000000	112
GAME.EXE	0x800320b0	game.display	map_cell_layer_mask_radius	3e22eba368f80d709d2e7cb96629d720f1e92814e220c2cb66d101b9f103686a	100.000000000	100.000000000	100.000000000	196
GAME.EXE	0x80032174	game.display	map_cell_visible	3e22eba368f80d709d2e7cb96629d720f1e92814e220c2cb66d101b9f103686a	100.000000000	100.000000000	100.000000000	100
GAME.EXE	0x800321d8	game.display	resource_tmd_queue_read	3e22eba368f80d709d2e7cb96629d720f1e92814e220c2cb66d101b9f103686a	100.000000000	100.000000000	100.000000000	156
GAME.EXE	0x80032274	game.display	resource_vab_update_range	3e22eba368f80d709d2e7cb96629d720f1e92814e220c2cb66d101b9f103686a	100.000000000	100.000000000	100.000000000	240
GAME.EXE	0x80032364	game.display	resource_tmd_update_range	3e22eba368f80d709d2e7cb96629d720f1e92814e220c2cb66d101b9f103686a	100.000000000	100.000000000	100.000000000	280
GAME.EXE	0x8003247c	game.display	render_scene_and_update_resources	3e22eba368f80d709d2e7cb96629d720f1e92814e220c2cb66d101b9f103686a	100.000000000	100.000000000	100.000000000	2928
GAME.EXE	0x80032fec	game.display	notification_draw_quad	3e22eba368f80d709d2e7cb96629d720f1e92814e220c2cb66d101b9f103686a	100.000000000	100.000000000	100.000000000	340
GAME.EXE	0x80033140	game.display	notification_draw	3e22eba368f80d709d2e7cb96629d720f1e92814e220c2cb66d101b9f103686a	100.000000000	100.000000000	100.000000000	144
GAME.EXE	0x800331d0	game.display	notify_enqueue	3e22eba368f80d709d2e7cb96629d720f1e92814e220c2cb66d101b9f103686a	100.000000000	100.000000000	100.000000000	164
GAME.EXE	0x80033274	game.display	notification_digit_set_v	3e22eba368f80d709d2e7cb96629d720f1e92814e220c2cb66d101b9f103686a	100.000000000	100.000000000	100.000000000	16
GAME.EXE	0x80033284	game.display	notification_update	3e22eba368f80d709d2e7cb96629d720f1e92814e220c2cb66d101b9f103686a	100.000000000	100.000000000	100.000000000	768
GAME.EXE	0x80033584	game.display	display_toggle_buffer_index	3e22eba368f80d709d2e7cb96629d720f1e92814e220c2cb66d101b9f103686a	100.000000000	100.000000000	100.000000000	28
GAME.EXE	0x800335a0	game.display	render_game_frame	3e22eba368f80d709d2e7cb96629d720f1e92814e220c2cb66d101b9f103686a	100.000000000	100.000000000	100.000000000	1012
GAME.EXE	0x80033994	game.display	menu_render_item_model	3e22eba368f80d709d2e7cb96629d720f1e92814e220c2cb66d101b9f103686a	100.000000000	100.000000000	100.000000000	104
GAME.EXE	0x800339fc	game.display	asset_registry_load_tmd_archive	3e22eba368f80d709d2e7cb96629d720f1e92814e220c2cb66d101b9f103686a	100.000000000	100.000000000	100.000000000	184
GAME.EXE	0x80033ab4	game.display	asset_registry_set	3e22eba368f80d709d2e7cb96629d720f1e92814e220c2cb66d101b9f103686a	100.000000000	100.000000000	100.000000000	72
GAME.EXE	0x80033afc	game.display	asset_registry_select	3e22eba368f80d709d2e7cb96629d720f1e92814e220c2cb66d101b9f103686a	100.000000000	100.000000000	100.000000000	56
GAME.EXE	0x80033b34	game.display	animation_select_keyframe	3e22eba368f80d709d2e7cb96629d720f1e92814e220c2cb66d101b9f103686a	100.000000000	100.000000000	100.000000000	200
GAME.EXE	0x80033bfc	game.display	animation_expand_sparse_vertices	3e22eba368f80d709d2e7cb96629d720f1e92814e220c2cb66d101b9f103686a	100.000000000	100.000000000	100.000000000	196
GAME.EXE	0x80033cc0	game.display	animation_decode_sparse_vertices	3e22eba368f80d709d2e7cb96629d720f1e92814e220c2cb66d101b9f103686a	100.000000000	100.000000000	100.000000000	124
GAME.EXE	0x80033d3c	game.display	animation_apply_sparse_morph	3e22eba368f80d709d2e7cb96629d720f1e92814e220c2cb66d101b9f103686a	100.000000000	100.000000000	100.000000000	696
GAME.EXE	0x80033ff4	game.display	animation_find_sparse_vertex	3e22eba368f80d709d2e7cb96629d720f1e92814e220c2cb66d101b9f103686a	100.000000000	100.000000000	100.000000000	124
GAME.EXE	0x80034070	game.display	animation_prepare_asset_vertices	3e22eba368f80d709d2e7cb96629d720f1e92814e220c2cb66d101b9f103686a	100.000000000	100.000000000	100.000000000	724
GAME.EXE	0x80034344	game.display	animation_sample_vertex	3e22eba368f80d709d2e7cb96629d720f1e92814e220c2cb66d101b9f103686a	100.000000000	100.000000000	100.000000000	672
GAME.EXE	0x800345e4	game.display	asset_vertex_count	3e22eba368f80d709d2e7cb96629d720f1e92814e220c2cb66d101b9f103686a	100.000000000	100.000000000	100.000000000	96
GAME.EXE	0x80034644	game.display	pool_reset	3e22eba368f80d709d2e7cb96629d720f1e92814e220c2cb66d101b9f103686a	100.000000000	100.000000000	100.000000000	48
GAME.EXE	0x80034674	game.display	pool_mark_allocated	3e22eba368f80d709d2e7cb96629d720f1e92814e220c2cb66d101b9f103686a	100.000000000	100.000000000	100.000000000	60
GAME.EXE	0x800346b0	game.display	pool_record_release	3e22eba368f80d709d2e7cb96629d720f1e92814e220c2cb66d101b9f103686a	100.000000000	100.000000000	100.000000000	72
GAME.EXE	0x800346f8	game.display	pool_release_all	3e22eba368f80d709d2e7cb96629d720f1e92814e220c2cb66d101b9f103686a	100.000000000	100.000000000	100.000000000	108
GAME.EXE	0x80034764	game.display	pool_release_stale	3e22eba368f80d709d2e7cb96629d720f1e92814e220c2cb66d101b9f103686a	100.000000000	100.000000000	100.000000000	108
GAME.EXE	0x800347d0	game.display	pool_allocate	3e22eba368f80d709d2e7cb96629d720f1e92814e220c2cb66d101b9f103686a	100.000000000	100.000000000	100.000000000	72
GAME.EXE	0x80034818	game.display	map_placed_expand_sources	3e22eba368f80d709d2e7cb96629d720f1e92814e220c2cb66d101b9f103686a	100.000000000	100.000000000	100.000000000	308
GAME.EXE	0x8003494c	game.display	tim_upload_images	3e22eba368f80d709d2e7cb96629d720f1e92814e220c2cb66d101b9f103686a	100.000000000	100.000000000	100.000000000	112
GAME.EXE	0x800349bc	game.display	menu_fade_transition	3e22eba368f80d709d2e7cb96629d720f1e92814e220c2cb66d101b9f103686a	100.000000000	100.000000000	100.000000000	1108
GAME.EXE	0x80034e10	game.display	menu_show_transition_image	3e22eba368f80d709d2e7cb96629d720f1e92814e220c2cb66d101b9f103686a	100.000000000	100.000000000	100.000000000	384
GAME.EXE	0x80034f90	game.map_cell_pattern_place	map_cell_apply_rotated_pattern	9b5c3ffbacd34cc68e7f0de1e3b4cfbcffd2a72757e21d4cb62e1f97ecde4032	100.000000000	100.000000000	100.000000000	516
GAME.EXE	0x80035194	game.map_cell_pattern_place	map_cell_copy_rotated_fields	9b5c3ffbacd34cc68e7f0de1e3b4cfbcffd2a72757e21d4cb62e1f97ecde4032	100.000000000	100.000000000	100.000000000	880
GAME.EXE	0x80035504	game.map_object	map_object_play_spatial_sound	158f092d03dfa78b38f7032d04f1b3657a8fce5461757f0dcfc8f5a088d3921e	100.000000000	100.000000000	100.000000000	48
GAME.EXE	0x80035534	game.map_object	map_object_pool_reset	158f092d03dfa78b38f7032d04f1b3657a8fce5461757f0dcfc8f5a088d3921e	100.000000000	100.000000000	100.000000000	92
GAME.EXE	0x80035590	game.map_object	map_object_reset	158f092d03dfa78b38f7032d04f1b3657a8fce5461757f0dcfc8f5a088d3921e	100.000000000	100.000000000	100.000000000	72
GAME.EXE	0x800355d8	game.map_object	map_object_set_property	158f092d03dfa78b38f7032d04f1b3657a8fce5461757f0dcfc8f5a088d3921e	100.000000000	100.000000000	100.000000000	212
GAME.EXE	0x800356ac	game.map_object	map_object_set_cell_marker	158f092d03dfa78b38f7032d04f1b3657a8fce5461757f0dcfc8f5a088d3921e	100.000000000	100.000000000	100.000000000	244
GAME.EXE	0x800357a0	game.map_object	map_object_refresh_cell_markers	158f092d03dfa78b38f7032d04f1b3657a8fce5461757f0dcfc8f5a088d3921e	100.000000000	100.000000000	100.000000000	244
GAME.EXE	0x80035894	game.map_object	map_object_initialize_from_placements	158f092d03dfa78b38f7032d04f1b3657a8fce5461757f0dcfc8f5a088d3921e	100.000000000	100.000000000	100.000000000	2020
GAME.EXE	0x80036078	game.map_object	map_object_find_collision_at_point	158f092d03dfa78b38f7032d04f1b3657a8fce5461757f0dcfc8f5a088d3921e	100.000000000	100.000000000	100.000000000	280
GAME.EXE	0x80036190	game.map_object	map_object_find_interaction_target	158f092d03dfa78b38f7032d04f1b3657a8fce5461757f0dcfc8f5a088d3921e	100.000000000	100.000000000	100.000000000	556
GAME.EXE	0x800363bc	game.map_object	map_object_start_action_if_idle	158f092d03dfa78b38f7032d04f1b3657a8fce5461757f0dcfc8f5a088d3921e	100.000000000	100.000000000	100.000000000	32
GAME.EXE	0x800363dc	game.map_object	map_object_effect_pool_acquire	158f092d03dfa78b38f7032d04f1b3657a8fce5461757f0dcfc8f5a088d3921e	100.000000000	100.000000000	100.000000000	136
GAME.EXE	0x80036464	game.map_object	map_object_spawn_effect	158f092d03dfa78b38f7032d04f1b3657a8fce5461757f0dcfc8f5a088d3921e	100.000000000	100.000000000	100.000000000	372
GAME.EXE	0x800365d8	game.map_object	map_object_spawn_scattered_effect	158f092d03dfa78b38f7032d04f1b3657a8fce5461757f0dcfc8f5a088d3921e	100.000000000	100.000000000	100.000000000	292
GAME.EXE	0x800366fc	game.map_object	map_object_apply_marker_signal	158f092d03dfa78b38f7032d04f1b3657a8fce5461757f0dcfc8f5a088d3921e	100.000000000	100.000000000	100.000000000	440
GAME.EXE	0x800368b4	game.map_object	map_object_check_and_consume_marker	158f092d03dfa78b38f7032d04f1b3657a8fce5461757f0dcfc8f5a088d3921e	100.000000000	100.000000000	100.000000000	144
GAME.EXE	0x80036944	game.map_object	map_object_process_marker_all	158f092d03dfa78b38f7032d04f1b3657a8fce5461757f0dcfc8f5a088d3921e	100.000000000	100.000000000	100.000000000	116
GAME.EXE	0x800369b8	game.map_object	map_object_sample_world_vertex	158f092d03dfa78b38f7032d04f1b3657a8fce5461757f0dcfc8f5a088d3921e	100.000000000	100.000000000	100.000000000	288
GAME.EXE	0x80036ad8	game.map_object	player_camera_within_map_region	158f092d03dfa78b38f7032d04f1b3657a8fce5461757f0dcfc8f5a088d3921e	100.000000000	100.000000000	100.000000000	144
GAME.EXE	0x80036b68	game.map_object	map_object_step_offset_motion	158f092d03dfa78b38f7032d04f1b3657a8fce5461757f0dcfc8f5a088d3921e	100.000000000	100.000000000	100.000000000	700
GAME.EXE	0x80036e24	game.map_object_action_update	render_frames_with_color_overlay	c3549570270ae4508ce2f554008e870732a8b2c9dc15bbef47ded512e3f96782	100.000000000	100.000000000	100.000000000	176
GAME.EXE	0x80036ed4	game.map_object_action_update	map_object_update_actions	c3549570270ae4508ce2f554008e870732a8b2c9dc15bbef47ded512e3f96782	100.000000000	100.000000000	100.000000000	7668
GAME.EXE	0x80038cc8	game.actor_runtime	actor_pool_find_free	7c732e00833ed24d41309b8b61905ab35292cf5be111c5c0274306d0d8a33310	100.000000000	100.000000000	100.000000000	60
GAME.EXE	0x80038d04	game.actor_runtime	actor_set_home_position	7c732e00833ed24d41309b8b61905ab35292cf5be111c5c0274306d0d8a33310	100.000000000	100.000000000	100.000000000	192
GAME.EXE	0x80038dc4	game.actor_runtime	actor_copy_group_defaults	7c732e00833ed24d41309b8b61905ab35292cf5be111c5c0274306d0d8a33310	100.000000000	100.000000000	100.000000000	116
GAME.EXE	0x80038e38	game.actor_runtime	actor_initialize_from_group	7c732e00833ed24d41309b8b61905ab35292cf5be111c5c0274306d0d8a33310	100.000000000	100.000000000	100.000000000	196
GAME.EXE	0x80038efc	game.actor_runtime	actor_set_lifecycle_and_home_position	7c732e00833ed24d41309b8b61905ab35292cf5be111c5c0274306d0d8a33310	100.000000000	100.000000000	100.000000000	36
GAME.EXE	0x80038f20	game.actor_runtime	actor_disable_type3_transition_actors	7c732e00833ed24d41309b8b61905ab35292cf5be111c5c0274306d0d8a33310	100.000000000	100.000000000	100.000000000	208
GAME.EXE	0x80038ff0	game.actor_runtime	actor_prepare_and_initialize	7c732e00833ed24d41309b8b61905ab35292cf5be111c5c0274306d0d8a33310	100.000000000	100.000000000	100.000000000	88
GAME.EXE	0x80039048	game.actor_runtime	actor_prepare_and_initialize_by_index	7c732e00833ed24d41309b8b61905ab35292cf5be111c5c0274306d0d8a33310	100.000000000	100.000000000	100.000000000	56
GAME.EXE	0x80039080	game.actor_runtime	actor_pool_clear	7c732e00833ed24d41309b8b61905ab35292cf5be111c5c0274306d0d8a33310	100.000000000	100.000000000	100.000000000	80
GAME.EXE	0x800390d0	game.actor_runtime	actor_set_target	7c732e00833ed24d41309b8b61905ab35292cf5be111c5c0274306d0d8a33310	100.000000000	100.000000000	100.000000000	56
GAME.EXE	0x80039108	game.actor_runtime	actor_score_target_candidate	7c732e00833ed24d41309b8b61905ab35292cf5be111c5c0274306d0d8a33310	100.000000000	100.000000000	100.000000000	1216
GAME.EXE	0x800395c8	game.actor_runtime	actor_select_best_target	7c732e00833ed24d41309b8b61905ab35292cf5be111c5c0274306d0d8a33310	100.000000000	100.000000000	100.000000000	252
GAME.EXE	0x800396c4	game.actor_runtime	actor_select_target_for_player_distance	7c732e00833ed24d41309b8b61905ab35292cf5be111c5c0274306d0d8a33310	100.000000000	100.000000000	100.000000000	76
GAME.EXE	0x80039710	game.actor_runtime	actor_find_target_of_type	7c732e00833ed24d41309b8b61905ab35292cf5be111c5c0274306d0d8a33310	100.000000000	100.000000000	100.000000000	72
GAME.EXE	0x80039758	game.actor_runtime	actor_select_target_type_in_own_group	7c732e00833ed24d41309b8b61905ab35292cf5be111c5c0274306d0d8a33310	100.000000000	100.000000000	100.000000000	80
GAME.EXE	0x800397a8	game.actor_runtime	actor_reset_target_and_reselect	7c732e00833ed24d41309b8b61905ab35292cf5be111c5c0274306d0d8a33310	100.000000000	100.000000000	100.000000000	48
GAME.EXE	0x800397d8	game.actor_runtime	actor_set_animation	7c732e00833ed24d41309b8b61905ab35292cf5be111c5c0274306d0d8a33310	100.000000000	100.000000000	100.000000000	44
GAME.EXE	0x80039804	game.actor_runtime	actor_set_animation_if_changed	7c732e00833ed24d41309b8b61905ab35292cf5be111c5c0274306d0d8a33310	100.000000000	100.000000000	100.000000000	56
GAME.EXE	0x8003983c	game.actor_runtime	actor_update_lifecycle_for_player_range	7c732e00833ed24d41309b8b61905ab35292cf5be111c5c0274306d0d8a33310	100.000000000	100.000000000	100.000000000	796
GAME.EXE	0x80039b58	game.actor_runtime	actor_retarget_or_disable_group_members	7c732e00833ed24d41309b8b61905ab35292cf5be111c5c0274306d0d8a33310	100.000000000	100.000000000	100.000000000	188
GAME.EXE	0x80039c14	game.actor_runtime	actor_magic_component_curve	7c732e00833ed24d41309b8b61905ab35292cf5be111c5c0274306d0d8a33310	100.000000000	100.000000000	100.000000000	128
GAME.EXE	0x80039c94	game.actor_runtime	actor_apply_magic_to_actor	7c732e00833ed24d41309b8b61905ab35292cf5be111c5c0274306d0d8a33310	100.000000000	100.000000000	100.000000000	1668
GAME.EXE	0x8003a318	game.actor_runtime	actor_apply_area_magic	7c732e00833ed24d41309b8b61905ab35292cf5be111c5c0274306d0d8a33310	100.000000000	100.000000000	100.000000000	764
GAME.EXE	0x8003a614	game.actor_runtime	actor_try_damage_player_in_cone	7c732e00833ed24d41309b8b61905ab35292cf5be111c5c0274306d0d8a33310	100.000000000	100.000000000	100.000000000	356
GAME.EXE	0x8003a778	game.actor_runtime	actor_find_best_in_cone	7c732e00833ed24d41309b8b61905ab35292cf5be111c5c0274306d0d8a33310	100.000000000	100.000000000	100.000000000	636
GAME.EXE	0x8003a9f4	game.actor_runtime	actor_find_overlap_excluding_target_type3	7c732e00833ed24d41309b8b61905ab35292cf5be111c5c0274306d0d8a33310	100.000000000	100.000000000	100.000000000	360
GAME.EXE	0x8003ab5c	game.actor_runtime	actor_find_overlap	7c732e00833ed24d41309b8b61905ab35292cf5be111c5c0274306d0d8a33310	100.000000000	100.000000000	100.000000000	344
GAME.EXE	0x8003acb4	game.actor_runtime	actor_bind_current	7c732e00833ed24d41309b8b61905ab35292cf5be111c5c0274306d0d8a33310	100.000000000	100.000000000	100.000000000	220
GAME.EXE	0x8003ad90	game.actor_runtime	actor_advance_animation_wrapped	7c732e00833ed24d41309b8b61905ab35292cf5be111c5c0274306d0d8a33310	100.000000000	100.000000000	100.000000000	52
GAME.EXE	0x8003adc4	game.actor_runtime	actor_advance_animation_clamped	7c732e00833ed24d41309b8b61905ab35292cf5be111c5c0274306d0d8a33310	100.000000000	100.000000000	100.000000000	92
GAME.EXE	0x8003ae20	game.actor_runtime	actor_animation_crossed_phase	7c732e00833ed24d41309b8b61905ab35292cf5be111c5c0274306d0d8a33310	100.000000000	100.000000000	100.000000000	48
GAME.EXE	0x8003ae50	game.actor_runtime	actor_move_horizontal_with_collision	7c732e00833ed24d41309b8b61905ab35292cf5be111c5c0274306d0d8a33310	100.000000000	100.000000000	100.000000000	1260
GAME.EXE	0x8003b33c	game.actor_runtime	actor_move_with_collision	7c732e00833ed24d41309b8b61905ab35292cf5be111c5c0274306d0d8a33310	100.000000000	100.000000000	100.000000000	484
GAME.EXE	0x8003b520	game.actor_runtime	actor_start_ballistic_motion	7c732e00833ed24d41309b8b61905ab35292cf5be111c5c0274306d0d8a33310	100.000000000	100.000000000	100.000000000	156
GAME.EXE	0x8003b5bc	game.actor_runtime	actor_suspend_vertical_motion	7c732e00833ed24d41309b8b61905ab35292cf5be111c5c0274306d0d8a33310	100.000000000	100.000000000	100.000000000	20
GAME.EXE	0x8003b5d0	game.actor_runtime	actor_update_vertical_motion	7c732e00833ed24d41309b8b61905ab35292cf5be111c5c0274306d0d8a33310	100.000000000	100.000000000	100.000000000	980
GAME.EXE	0x8003b9a4	game.actor_runtime	actor_damp_horizontal_motion	7c732e00833ed24d41309b8b61905ab35292cf5be111c5c0274306d0d8a33310	100.000000000	100.000000000	100.000000000	320
GAME.EXE	0x8003bae4	game.actor_runtime	actor_move_along_heading	7c732e00833ed24d41309b8b61905ab35292cf5be111c5c0274306d0d8a33310	100.000000000	100.000000000	100.000000000	188
GAME.EXE	0x8003bba0	game.actor_runtime	actor_turn_toward_angle	7c732e00833ed24d41309b8b61905ab35292cf5be111c5c0274306d0d8a33310	100.000000000	100.000000000	100.000000000	304
GAME.EXE	0x8003bcd0	game.actor_runtime	actor_turn_and_move_along_heading	7c732e00833ed24d41309b8b61905ab35292cf5be111c5c0274306d0d8a33310	100.000000000	100.000000000	100.000000000	112
GAME.EXE	0x8003bd40	game.actor_runtime	actor_turn_and_move_toward_point	7c732e00833ed24d41309b8b61905ab35292cf5be111c5c0274306d0d8a33310	100.000000000	100.000000000	100.000000000	248
GAME.EXE	0x8003be38	game.actor_runtime	actor_move_along_euler_angles	7c732e00833ed24d41309b8b61905ab35292cf5be111c5c0274306d0d8a33310	100.000000000	100.000000000	100.000000000	316
GAME.EXE	0x8003bf74	game.actor_runtime	actor_turn_and_move_along_euler_angles	7c732e00833ed24d41309b8b61905ab35292cf5be111c5c0274306d0d8a33310	100.000000000	100.000000000	100.000000000	140
GAME.EXE	0x8003c000	game.actor_runtime	actor_sample_rotated_animation_vertex	7c732e00833ed24d41309b8b61905ab35292cf5be111c5c0274306d0d8a33310	100.000000000	100.000000000	100.000000000	268
GAME.EXE	0x8003c10c	game.actor_runtime	actor_resolve_group_position	7c732e00833ed24d41309b8b61905ab35292cf5be111c5c0274306d0d8a33310	100.000000000	100.000000000	100.000000000	276
GAME.EXE	0x8003c220	game.actor_runtime	actor_update_motion_animation	7c732e00833ed24d41309b8b61905ab35292cf5be111c5c0274306d0d8a33310	100.000000000	100.000000000	100.000000000	448
GAME.EXE	0x8003c3e0	game.actor_runtime	actor_compute_target_direction	7c732e00833ed24d41309b8b61905ab35292cf5be111c5c0274306d0d8a33310	100.000000000	100.000000000	100.000000000	564
GAME.EXE	0x8003c614	game.actor_runtime	actor_dispatch_group_effect	7c732e00833ed24d41309b8b61905ab35292cf5be111c5c0274306d0d8a33310	100.000000000	100.000000000	100.000000000	2672
GAME.EXE	0x8003d084	game.actor_runtime	actor_sound_note_offset	7c732e00833ed24d41309b8b61905ab35292cf5be111c5c0274306d0d8a33310	100.000000000	100.000000000	100.000000000	100
GAME.EXE	0x8003d0e8	game.actor_runtime	actor_play_target_sound	7c732e00833ed24d41309b8b61905ab35292cf5be111c5c0274306d0d8a33310	100.000000000	100.000000000	100.000000000	156
GAME.EXE	0x8003d184	game.actor_runtime	actor_update_behavior	7c732e00833ed24d41309b8b61905ab35292cf5be111c5c0274306d0d8a33310	100.000000000	100.000000000	100.000000000	9356
GAME.EXE	0x8003f610	game.actor_runtime	actor_update_frame	7c732e00833ed24d41309b8b61905ab35292cf5be111c5c0274306d0d8a33310	100.000000000	100.000000000	100.000000000	476
GAME.EXE	0x8003f7ec	game.actor_runtime	actor_fixup_group_targets	7c732e00833ed24d41309b8b61905ab35292cf5be111c5c0274306d0d8a33310	100.000000000	100.000000000	100.000000000	116
GAME.EXE	0x8003f860	game.actor_runtime	actor_load_records	7c732e00833ed24d41309b8b61905ab35292cf5be111c5c0274306d0d8a33310	100.000000000	100.000000000	100.000000000	460
GAME.EXE	0x8003fa2c	game.effect_runtime	effect_play_spatial_sound	db050d6a7e43a7cd4f87105d07b0cf694743dc4e7850b7cdefdf26613f3c7d51	100.000000000	100.000000000	100.000000000	60
GAME.EXE	0x8003fa68	game.effect_runtime	effect_probe_collision_by_type	db050d6a7e43a7cd4f87105d07b0cf694743dc4e7850b7cdefdf26613f3c7d51	100.000000000	100.000000000	100.000000000	300
GAME.EXE	0x8003fb94	game.effect_runtime	effect_dispatch_magic_impact	db050d6a7e43a7cd4f87105d07b0cf694743dc4e7850b7cdefdf26613f3c7d51	100.000000000	100.000000000	100.000000000	536
GAME.EXE	0x8003fdac	game.effect_runtime	effect_magic_power	db050d6a7e43a7cd4f87105d07b0cf694743dc4e7850b7cdefdf26613f3c7d51	100.000000000	100.000000000	100.000000000	36
GAME.EXE	0x8003fdd0	game.effect_runtime	effect_apply_current_magic	db050d6a7e43a7cd4f87105d07b0cf694743dc4e7850b7cdefdf26613f3c7d51	100.000000000	100.000000000	100.000000000	224
GAME.EXE	0x8003feb0	game.effect_runtime	effect_apply_current_magic_backstep	db050d6a7e43a7cd4f87105d07b0cf694743dc4e7850b7cdefdf26613f3c7d51	100.000000000	100.000000000	100.000000000	104
GAME.EXE	0x8003ff18	game.effect_runtime	effect_apply_radial_magic_damage	db050d6a7e43a7cd4f87105d07b0cf694743dc4e7850b7cdefdf26613f3c7d51	100.000000000	100.000000000	100.000000000	424
GAME.EXE	0x800400c0	game.effect_runtime	effect_sample_rotated_vertex	db050d6a7e43a7cd4f87105d07b0cf694743dc4e7850b7cdefdf26613f3c7d51	100.000000000	100.000000000	100.000000000	244
GAME.EXE	0x800401b4	game.effect_runtime	effect_sample_world_vertex	db050d6a7e43a7cd4f87105d07b0cf694743dc4e7850b7cdefdf26613f3c7d51	100.000000000	100.000000000	100.000000000	108
GAME.EXE	0x80040220	game.effect_runtime	effect_pool_find_free	db050d6a7e43a7cd4f87105d07b0cf694743dc4e7850b7cdefdf26613f3c7d51	100.000000000	100.000000000	100.000000000	68
GAME.EXE	0x80040264	game.effect_runtime	effect_pool_initialize_scaled	db050d6a7e43a7cd4f87105d07b0cf694743dc4e7850b7cdefdf26613f3c7d51	100.000000000	100.000000000	100.000000000	64
GAME.EXE	0x800402a4	game.effect_runtime	effect_pool_initialize_fixed	db050d6a7e43a7cd4f87105d07b0cf694743dc4e7850b7cdefdf26613f3c7d51	100.000000000	100.000000000	100.000000000	100
GAME.EXE	0x80040308	game.effect_runtime	effect_construct_record	db050d6a7e43a7cd4f87105d07b0cf694743dc4e7850b7cdefdf26613f3c7d51	100.000000000	100.000000000	100.000000000	5092
GAME.EXE	0x800416ec	game.effect_runtime	effect_rotate_scale_offset_y	db050d6a7e43a7cd4f87105d07b0cf694743dc4e7850b7cdefdf26613f3c7d51	100.000000000	100.000000000	100.000000000	144
GAME.EXE	0x8004177c	game.effect_runtime	effect_move_probe	db050d6a7e43a7cd4f87105d07b0cf694743dc4e7850b7cdefdf26613f3c7d51	100.000000000	100.000000000	100.000000000	480
GAME.EXE	0x8004195c	game.effect_runtime	effect_aim_and_move	db050d6a7e43a7cd4f87105d07b0cf694743dc4e7850b7cdefdf26613f3c7d51	100.000000000	100.000000000	100.000000000	440
GAME.EXE	0x80041b14	game.effect_runtime	effect_target_motion	db050d6a7e43a7cd4f87105d07b0cf694743dc4e7850b7cdefdf26613f3c7d51	100.000000000	100.000000000	100.000000000	444
GAME.EXE	0x80041cd0	game.effect_runtime	effect_scale_step	db050d6a7e43a7cd4f87105d07b0cf694743dc4e7850b7cdefdf26613f3c7d51	100.000000000	100.000000000	100.000000000	172
GAME.EXE	0x80041d7c	game.effect_runtime	effect_spawn_zero_direction	db050d6a7e43a7cd4f87105d07b0cf694743dc4e7850b7cdefdf26613f3c7d51	100.000000000	100.000000000	100.000000000	144
GAME.EXE	0x80041e0c	game.effect_runtime	effect_spawn_at_lower_bound	db050d6a7e43a7cd4f87105d07b0cf694743dc4e7850b7cdefdf26613f3c7d51	100.000000000	100.000000000	100.000000000	136
GAME.EXE	0x80041e94	game.effect_runtime	effect_spawn_motion	db050d6a7e43a7cd4f87105d07b0cf694743dc4e7850b7cdefdf26613f3c7d51	100.000000000	100.000000000	100.000000000	664
GAME.EXE	0x8004212c	game.effect_runtime	effect_scatter_lower_bound	db050d6a7e43a7cd4f87105d07b0cf694743dc4e7850b7cdefdf26613f3c7d51	100.000000000	100.000000000	100.000000000	364
GAME.EXE	0x80042298	game.effect_runtime	effect_collision_step	db050d6a7e43a7cd4f87105d07b0cf694743dc4e7850b7cdefdf26613f3c7d51	100.000000000	100.000000000	100.000000000	396
GAME.EXE	0x80042424	game.effect_runtime	effect_collision_backtrack	db050d6a7e43a7cd4f87105d07b0cf694743dc4e7850b7cdefdf26613f3c7d51	100.000000000	100.000000000	100.000000000	204
GAME.EXE	0x800424f0	game.effect_runtime	effect_spawn_radial_ring	db050d6a7e43a7cd4f87105d07b0cf694743dc4e7850b7cdefdf26613f3c7d51	100.000000000	100.000000000	100.000000000	352
GAME.EXE	0x80042650	game.effect_runtime	effect_update_dispatch	db050d6a7e43a7cd4f87105d07b0cf694743dc4e7850b7cdefdf26613f3c7d51	100.000000000	100.000000000	100.000000000	13936
GAME.EXE	0x80045cc0	game.effect_runtime	effect_pool_reset	db050d6a7e43a7cd4f87105d07b0cf694743dc4e7850b7cdefdf26613f3c7d51	100.000000000	100.000000000	100.000000000	48
GAME.EXE	0x80045cf0	game.effect_runtime	magic_load_records	db050d6a7e43a7cd4f87105d07b0cf694743dc4e7850b7cdefdf26613f3c7d51	100.000000000	100.000000000	100.000000000	44
GAME.EXE	0x80045d1c	game.effect_runtime	effect_pool_sweep	db050d6a7e43a7cd4f87105d07b0cf694743dc4e7850b7cdefdf26613f3c7d51	100.000000000	100.000000000	100.000000000	252
GAME.EXE	0x80045e18	game.audio_sound_wrappers	audio_play_sound_64	c292ede2c3bb34404feb74d8d564157847b5dd892efc261357752ee301712db8	100.000000000	100.000000000	100.000000000	36
GAME.EXE	0x80045e3c	game.audio_sound_wrappers	audio_play_sound_at_volume_100	c292ede2c3bb34404feb74d8d564157847b5dd892efc261357752ee301712db8	100.000000000	100.000000000	100.000000000	32
GAME.EXE	0x80045e5c	game.audio_sound_wrappers	collision_probe_forward_shape_0x20	c292ede2c3bb34404feb74d8d564157847b5dd892efc261357752ee301712db8	100.000000000	100.000000000	100.000000000	180
GAME.EXE	0x80045f10	game.event_pose_interpolate	event_unused_stub_0	f562e05d4f50b743eb56ebd951cf831f931fe49f81d7d8c1678bca67fa098474	100.000000000	100.000000000	100.000000000	8
GAME.EXE	0x80045f18	game.event_pose_interpolate	event_unused_stub_1	f562e05d4f50b743eb56ebd951cf831f931fe49f81d7d8c1678bca67fa098474	100.000000000	100.000000000	100.000000000	8
GAME.EXE	0x80045f20	game.event_pose_interpolate	scene_position_from_camera_offset	f562e05d4f50b743eb56ebd951cf831f931fe49f81d7d8c1678bca67fa098474	100.000000000	100.000000000	100.000000000	180
GAME.EXE	0x80045fd4	game.event_pose_interpolate	scene_pose_interpolate	f562e05d4f50b743eb56ebd951cf831f931fe49f81d7d8c1678bca67fa098474	100.000000000	100.000000000	100.000000000	204
GAME.EXE	0x800460a0	game.event_pose_interpolate	actor_animation_seek_phase	f562e05d4f50b743eb56ebd951cf831f931fe49f81d7d8c1678bca67fa098474	100.000000000	100.000000000	100.000000000	164
GAME.EXE	0x80046144	game.event_pose_interpolate	event_target_stream_find_marker	f562e05d4f50b743eb56ebd951cf831f931fe49f81d7d8c1678bca67fa098474	100.000000000	100.000000000	100.000000000	92
GAME.EXE	0x800461a0	game.event_pose_interpolate	event_target_stream_resolve_cursor	f562e05d4f50b743eb56ebd951cf831f931fe49f81d7d8c1678bca67fa098474	100.000000000	100.000000000	100.000000000	284
GAME.EXE	0x800462bc	game.event_pose_interpolate	event_target_stream_execute	f562e05d4f50b743eb56ebd951cf831f931fe49f81d7d8c1678bca67fa098474	100.000000000	100.000000000	100.000000000	1092
GAME.EXE	0x80046700	game.event_pose_interpolate	event_spawn_effect_object	f562e05d4f50b743eb56ebd951cf831f931fe49f81d7d8c1678bca67fa098474	100.000000000	100.000000000	100.000000000	140
GAME.EXE	0x8004678c	game.event_pose_interpolate	event_scene_command_dispatch	f562e05d4f50b743eb56ebd951cf831f931fe49f81d7d8c1678bca67fa098474	100.000000000	100.000000000	100.000000000	3156
GAME.EXE	0x800473e0	game.event_pose_interpolate	game_counter_decrement	f562e05d4f50b743eb56ebd951cf831f931fe49f81d7d8c1678bca67fa098474	100.000000000	100.000000000	100.000000000	84
GAME.EXE	0x80047434	game.event_pose_interpolate	game_counter_increment	f562e05d4f50b743eb56ebd951cf831f931fe49f81d7d8c1678bca67fa098474	100.000000000	100.000000000	100.000000000	144
GAME.EXE	0x800474c4	game.event_pose_interpolate	color_overlay_transition	f562e05d4f50b743eb56ebd951cf831f931fe49f81d7d8c1678bca67fa098474	100.000000000	100.000000000	100.000000000	276
GAME.EXE	0x800475d8	game.event_pose_interpolate	event_map_object_interact	f562e05d4f50b743eb56ebd951cf831f931fe49f81d7d8c1678bca67fa098474	100.000000000	100.000000000	100.000000000	1728
GAME.EXE	0x80047c98	game.event_pose_interpolate	event_world_dispatch_interaction	f562e05d4f50b743eb56ebd951cf831f931fe49f81d7d8c1678bca67fa098474	100.000000000	100.000000000	100.000000000	1632
GAME.EXE	0x800482f8	game.event_pose_interpolate	event_state_initialize	f562e05d4f50b743eb56ebd951cf831f931fe49f81d7d8c1678bca67fa098474	100.000000000	100.000000000	100.000000000	176
GAME.EXE	0x800483a8	game.event_pose_interpolate	callback_invoke_slot_04_zero	f562e05d4f50b743eb56ebd951cf831f931fe49f81d7d8c1678bca67fa098474	100.000000000	100.000000000	100.000000000	48
GAME.EXE	0x800483d8	game.event_pose_interpolate	event_saved_offsets_decode	f562e05d4f50b743eb56ebd951cf831f931fe49f81d7d8c1678bca67fa098474	100.000000000	100.000000000	100.000000000	80
GAME.EXE	0x80048428	game.event_pose_interpolate	event_arena_owner_pointers_add_delta	f562e05d4f50b743eb56ebd951cf831f931fe49f81d7d8c1678bca67fa098474	100.000000000	100.000000000	100.000000000	112
GAME.EXE	0x80048498	game.event_pose_interpolate	event_saved_offsets_encode	f562e05d4f50b743eb56ebd951cf831f931fe49f81d7d8c1678bca67fa098474	100.000000000	100.000000000	100.000000000	76
GAME.EXE	0x800484e4	game.event_pose_interpolate	event_arena_owner_pointers_subtract_delta	f562e05d4f50b743eb56ebd951cf831f931fe49f81d7d8c1678bca67fa098474	100.000000000	100.000000000	100.000000000	112
GAME.EXE	0x80048554	game.event_pose_interpolate	event_world_state_save_slot	f562e05d4f50b743eb56ebd951cf831f931fe49f81d7d8c1678bca67fa098474	100.000000000	100.000000000	100.000000000	1112
GAME.EXE	0x800489ac	game.event_pose_interpolate	event_world_state_restore_slot	f562e05d4f50b743eb56ebd951cf831f931fe49f81d7d8c1678bca67fa098474	100.000000000	100.000000000	100.000000000	888
GAME.EXE	0x80048d24	game.event_pose_interpolate	card_payload_capture_game_state	f562e05d4f50b743eb56ebd951cf831f931fe49f81d7d8c1678bca67fa098474	100.000000000	100.000000000	100.000000000	1464
GAME.EXE	0x800492dc	game.event_pose_interpolate	card_payload_restore_game_state	f562e05d4f50b743eb56ebd951cf831f931fe49f81d7d8c1678bca67fa098474	100.000000000	100.000000000	100.000000000	1504
OPEN.EXE	0x80011ac0	open.main	main	6107bfbe05710ddb4120a5ee25d40932ab7e33d624372d102017360fa10f39f1	100.000000000	100.000000000	100.000000000	1244
OPEN.EXE	0x80011f9c	open.main	opening_fade_out	6107bfbe05710ddb4120a5ee25d40932ab7e33d624372d102017360fa10f39f1	100.000000000	100.000000000	100.000000000	196
OPEN.EXE	0x80012060	open.main	opening_load_data	6107bfbe05710ddb4120a5ee25d40932ab7e33d624372d102017360fa10f39f1	100.000000000	100.000000000	100.000000000	104
OPEN.EXE	0x800120c8	open.display_init	display_initialize	6ce5694803ca179df167c78076736903f51abfeafa6b330ad36de16df59199e9	100.000000000	100.000000000	100.000000000	316
OPEN.EXE	0x80012204	open.audio_init	audio_initialize	eb06f3cc69734f804e336076375bd6eb84bf565aa06eb5cb7b98d213934831ca	100.000000000	100.000000000	100.000000000	108
OPEN.EXE	0x80012270	open.audio	opening_open_audio	9088a532932f38fc5c93416dcb650b3bd46f8f9d3d9e0c4e2d386f438d7aff08	100.000000000	100.000000000	100.000000000	752
OPEN.EXE	0x80012560	open.title	opening_draw_title	d97cef57249f08d0b36fda7632d64d6dbe4f99834028fa0d1f1c660a6a0f3b4e	100.000000000	100.000000000	100.000000000	1564
OPEN.EXE	0x80012b7c	open.title	opening_draw_banner	d97cef57249f08d0b36fda7632d64d6dbe4f99834028fa0d1f1c660a6a0f3b4e	100.000000000	100.000000000	100.000000000	512
OPEN.EXE	0x80012d7c	open.title	opening_draw_prompt	d97cef57249f08d0b36fda7632d64d6dbe4f99834028fa0d1f1c660a6a0f3b4e	100.000000000	100.000000000	100.000000000	448
OPEN.EXE	0x80012f3c	open.title	opening_poll_pad	d97cef57249f08d0b36fda7632d64d6dbe4f99834028fa0d1f1c660a6a0f3b4e	100.000000000	100.000000000	100.000000000	368
OPEN.EXE	0x800130ac	open.title	primitive_buffer_begin_poly_ft4	d97cef57249f08d0b36fda7632d64d6dbe4f99834028fa0d1f1c660a6a0f3b4e	100.000000000	100.000000000	100.000000000	80
OPEN.EXE	0x800130fc	open.title	primitive_buffer_commit_poly_ft4	d97cef57249f08d0b36fda7632d64d6dbe4f99834028fa0d1f1c660a6a0f3b4e	100.000000000	100.000000000	100.000000000	204
OPEN.EXE	0x800131c8	open.display_frame	display_begin_frame	56d7601ca98142d1839e5fa341df7734d5999c3ab8c7a6dea8278280d0446008	100.000000000	100.000000000	100.000000000	100
OPEN.EXE	0x8001322c	open.display_frame	display_present_frame	56d7601ca98142d1839e5fa341df7734d5999c3ab8c7a6dea8278280d0446008	100.000000000	100.000000000	100.000000000	88
OPEN.EXE	0x80013284	open.cd_file	cd_file_load_into	8095e201e62ad96e649fad92a0deaecd6a9dcb9732f88900e4124a2c7a382de5	100.000000000	100.000000000	100.000000000	348
OPEN.EXE	0x800133e0	open.resources	tim_upload_images	619feadf52b25f5b88db54fa2da0f5c7726c2671cc3a7185f26d3c4f239a6632	100.000000000	100.000000000	100.000000000	112
OPEN.EXE	0x80013450	open.resources	audio_play_voice	619feadf52b25f5b88db54fa2da0f5c7726c2671cc3a7185f26d3c4f239a6632	100.000000000	100.000000000	100.000000000	136
OPEN.EXE	0x800134f0	open.movie	opening_play_movie	f477a3c3852c3d4bea64f54bca964ae946464b2efbcbc3a190c5ad75491cd349	100.000000000	100.000000000	100.000000000	844
OPEN.EXE	0x8001383c	open.movie_stream	strSetDefDecEnv	c46885d53b44e5f68773e8c1d92add10905f1acae7efe4cb9cb50ce6c73b23d4	100.000000000	100.000000000	100.000000000	188
OPEN.EXE	0x800138f8	open.movie_stream	strInit	c46885d53b44e5f68773e8c1d92add10905f1acae7efe4cb9cb50ce6c73b23d4	100.000000000	100.000000000	100.000000000	116
OPEN.EXE	0x8001396c	open.movie_stream	strCallback	c46885d53b44e5f68773e8c1d92add10905f1acae7efe4cb9cb50ce6c73b23d4	100.000000000	100.000000000	100.000000000	268
OPEN.EXE	0x80013a78	open.movie_stream	strNextVlc	c46885d53b44e5f68773e8c1d92add10905f1acae7efe4cb9cb50ce6c73b23d4	100.000000000	100.000000000	100.000000000	148
OPEN.EXE	0x80013b0c	open.movie_stream	strNext	c46885d53b44e5f68773e8c1d92add10905f1acae7efe4cb9cb50ce6c73b23d4	100.000000000	100.000000000	100.000000000	176
OPEN.EXE	0x80013bbc	open.movie_stream	strSync	c46885d53b44e5f68773e8c1d92add10905f1acae7efe4cb9cb50ce6c73b23d4	100.000000000	100.000000000	100.000000000	116
OPEN.EXE	0x80013c30	open.movie_stream	strKickCD	c46885d53b44e5f68773e8c1d92add10905f1acae7efe4cb9cb50ce6c73b23d4	100.000000000	100.000000000	100.000000000	72
END.EXE	0x800119f8	end.main	main	02642cdb56ae83fdbccae25d864db50a4e081f5dd3bd266dd01ddfc57c59783f	100.000000000	100.000000000	100.000000000	224
END.EXE	0x80011ad8	end.main	ending_load_data	02642cdb56ae83fdbccae25d864db50a4e081f5dd3bd266dd01ddfc57c59783f	100.000000000	100.000000000	100.000000000	104
END.EXE	0x80011b40	end.display_init	display_initialize	6ce5694803ca179df167c78076736903f51abfeafa6b330ad36de16df59199e9	100.000000000	100.000000000	100.000000000	320
END.EXE	0x80011c80	end.audio_init	audio_initialize	eb06f3cc69734f804e336076375bd6eb84bf565aa06eb5cb7b98d213934831ca	100.000000000	100.000000000	100.000000000	108
END.EXE	0x80011cec	end.audio	ending_open_audio	5346ece4a4e4c6376614d0bebc88c0ec62105888b5ddf2474749867e133bd436	100.000000000	100.000000000	100.000000000	192
END.EXE	0x80011dac	end.display_frame	display_begin_frame	56d7601ca98142d1839e5fa341df7734d5999c3ab8c7a6dea8278280d0446008	100.000000000	100.000000000	100.000000000	96
END.EXE	0x80011e0c	end.display_frame	display_present_frame	56d7601ca98142d1839e5fa341df7734d5999c3ab8c7a6dea8278280d0446008	100.000000000	100.000000000	100.000000000	88
END.EXE	0x80011e64	end.cd_file	cd_file_load_into	8095e201e62ad96e649fad92a0deaecd6a9dcb9732f88900e4124a2c7a382de5	100.000000000	100.000000000	100.000000000	348
END.EXE	0x80011fd8	end.movie	ending_play_movie	8776267fd661f639f28f4716cff26542222c4362026727b0373c4150718976a8	100.000000000	100.000000000	100.000000000	532
END.EXE	0x800121ec	end.movie_stream	strSetDefDecEnv	c46885d53b44e5f68773e8c1d92add10905f1acae7efe4cb9cb50ce6c73b23d4	100.000000000	100.000000000	100.000000000	188
END.EXE	0x800122a8	end.movie_stream	strInit	c46885d53b44e5f68773e8c1d92add10905f1acae7efe4cb9cb50ce6c73b23d4	100.000000000	100.000000000	100.000000000	116
END.EXE	0x8001231c	end.movie_stream	strCallback	c46885d53b44e5f68773e8c1d92add10905f1acae7efe4cb9cb50ce6c73b23d4	100.000000000	100.000000000	100.000000000	268
END.EXE	0x80012428	end.movie_stream	strNextVlc	c46885d53b44e5f68773e8c1d92add10905f1acae7efe4cb9cb50ce6c73b23d4	100.000000000	100.000000000	100.000000000	148
END.EXE	0x800124bc	end.movie_stream	strNext	c46885d53b44e5f68773e8c1d92add10905f1acae7efe4cb9cb50ce6c73b23d4	100.000000000	100.000000000	100.000000000	176
END.EXE	0x8001256c	end.movie_stream	strSync	c46885d53b44e5f68773e8c1d92add10905f1acae7efe4cb9cb50ce6c73b23d4	100.000000000	100.000000000	100.000000000	116
END.EXE	0x800125e0	end.movie_stream	strKickCD	c46885d53b44e5f68773e8c1d92add10905f1acae7efe4cb9cb50ce6c73b23d4	100.000000000	100.000000000	100.000000000	72
