source	line	name	kind	sdk_overlap
include/kf/end/ending.h	2	KF_END_ENDING_H	object	source_only
include/kf/game/actor.h	2	KF_GAME_ACTOR_H	object	source_only
include/kf/game/animation.h	2	KF_GAME_ANIMATION_H	object	source_only
include/kf/game/asset.h	2	KF_GAME_ASSET_H	object	source_only
include/kf/game/audio.h	2	KF_GAME_AUDIO_H	object	source_only
include/kf/game/callback.h	2	KF_GAME_CALLBACK_H	object	source_only
include/kf/game/card.h	2	KF_GAME_CARD_H	object	source_only
include/kf/game/cd.h	2	KF_GAME_CD_H	object	source_only
include/kf/game/collision_cache.h	2	KF_GAME_COLLISION_CACHE_H	object	source_only
include/kf/game/collision_cache.h	10	KF_COLLISION_CACHE_CELL	object	source_only
include/kf/game/collision_cache.h	12	KF_COLLISION_CACHE_SHAPE	object	source_only
include/kf/game/collision_cache.h	14	KF_COLLISION_CACHE_LAYER	object	source_only
include/kf/game/collision_cache.h	16	KF_COLLISION_CACHE_HEIGHT	object	source_only
include/kf/game/collision_cache.h	18	KF_COLLISION_CACHE_RESULT	object	source_only
include/kf/game/collision_cache.h	21	KF_COLLISION_CACHE_LOWER_BOUND	object	source_only
include/kf/game/collision_cache.h	23	KF_COLLISION_CACHE_FLAGS	object	source_only
include/kf/game/collision_cache.h	25	KF_COLLISION_CACHE_ACTOR_INDEX	object	source_only
include/kf/game/collision_cache.h	27	KF_COLLISION_CACHE_OBJECT_INDEX	object	source_only
include/kf/game/collision_cache.h	29	KF_COLLISION_CACHE_POSITION	object	source_only
include/kf/game/collision_cache.h	31	KF_COLLISION_CACHE_RADIUS	object	source_only
include/kf/game/collision_cache.h	33	KF_COLLISION_CACHE_INTERACTION_HEIGHT	object	source_only
include/kf/game/effect.h	2	KF_GAME_EFFECT_H	object	source_only
include/kf/game/event_counter.h	2	KF_GAME_EVENT_COUNTER_H	object	source_only
include/kf/game/event_state.h	2	KF_GAME_EVENT_STATE_H	object	source_only
include/kf/game/event_stream.h	2	KF_GAME_EVENT_STREAM_H	object	source_only
include/kf/game/game.h	2	KF_GAME_GAME_H	object	source_only
include/kf/game/graphics.h	2	KF_GAME_GRAPHICS_H	object	source_only
include/kf/game/map_cell.h	2	KF_GAME_MAP_CELL_H	object	source_only
include/kf/game/map_cell_pattern.h	2	KF_GAME_MAP_CELL_PATTERN_H	object	source_only
include/kf/game/map_object.h	2	KF_GAME_MAP_OBJECT_H	object	source_only
include/kf/game/map_placed.h	2	KF_GAME_MAP_PLACED_H	object	source_only
include/kf/game/map_placed.h	36	KF_MAP_PLACED_OFFSET	function	source_only
include/kf/game/memory.h	2	KF_GAME_MEMORY_H	object	source_only
include/kf/game/menu.h	2	KF_GAME_MENU_H	object	source_only
include/kf/game/message_stream.h	2	KF_GAME_MESSAGE_STREAM_H	object	source_only
include/kf/game/notification_quad.h	2	KF_GAME_NOTIFICATION_QUAD_H	object	source_only
include/kf/game/notify.h	2	KF_GAME_NOTIFY_H	object	source_only
include/kf/game/player.h	2	KF_GAME_PLAYER_H	object	source_only
include/kf/game/pool.h	2	KF_GAME_POOL_H	object	source_only
include/kf/game/render_mask.h	2	KF_GAME_RENDER_MASK_H	object	source_only
include/kf/game/render_model.h	2	KF_GAME_RENDER_MODEL_H	object	source_only
include/kf/game/resources.h	2	KF_GAME_RESOURCES_H	object	source_only
include/kf/game/tmd.h	2	KF_GAME_TMD_H	object	source_only
include/kf/game/tmd.h	33	TMD_OBJECTS	function	source_only
include/kf/game/tmd.h	34	TMD_OBJECT_VERTICES	function	source_only
include/kf/game/tmd_packets.h	2	KF_GAME_TMD_PACKETS_H	object	source_only
include/kf/game/tmd_packets.h	28	TMD_PACKET_BODY	function	source_only
include/kf/game/tmd_packets.h	29	tmd_packet_kind	function	source_only
include/kf/lib/address.h	2	KF_ADDRESS_H	object	source_only
include/kf/lib/address.h	18	ADDRESS	function	source_only
include/kf/lib/address.h	36	ADDRESS_AT	function	source_only
include/kf/lib/address.h	53	DATA	function	source_only
include/kf/lib/address.h	65	RODATA	function	source_only
include/kf/lib/audio.h	2	KF_AUDIO_H	object	source_only
include/kf/lib/bool.h	2	KF_BOOL_H	object	source_only
include/kf/lib/bool.h	51	KF_FALSE	object	source_only
include/kf/lib/bool.h	52	KF_TRUE	object	source_only
include/kf/lib/bool.h	60	KF_FALSE	object	source_only
include/kf/lib/bool.h	61	KF_TRUE	object	source_only
include/kf/lib/cd_file.h	2	KF_CD_FILE_H	object	source_only
include/kf/lib/display.h	2	KF_DISPLAY_H	object	source_only
include/kf/lib/enum.h	2	KF_ENUM_H	object	source_only
include/kf/lib/enum.h	6	KF_MODERN_TYPES	object	source_only
include/kf/lib/enum.h	7	KF_ENUM_BEGIN	function	source_only
include/kf/lib/enum.h	8	KF_ENUM_END	function	source_only
include/kf/lib/enum.h	10	KF_ENUM_PROMOTED	function	source_only
include/kf/lib/enum.h	11	KF_ENUM_STORAGE	function	source_only
include/kf/lib/enum.h	12	KF_ENUM_PARAM	function	source_only
include/kf/lib/enum.h	16	KF_ENUM_COUNTER	function	source_only
include/kf/lib/enum.h	27	KF_ENUM_FLAGS	function	source_only
include/kf/lib/enum.h	89	KF_ENUM_DECODE	function	source_only
include/kf/lib/enum.h	90	KF_ENUM_ENCODE	function	source_only
include/kf/lib/enum.h	92	KF_MODERN_TYPES	object	source_only
include/kf/lib/enum.h	93	KF_ENUM_BEGIN	function	source_only
include/kf/lib/enum.h	94	KF_ENUM_END	function	source_only
include/kf/lib/enum.h	95	KF_ENUM_PROMOTED	function	source_only
include/kf/lib/enum.h	96	KF_ENUM_STORAGE	function	source_only
include/kf/lib/enum.h	97	KF_ENUM_PARAM	function	source_only
include/kf/lib/enum.h	98	KF_ENUM_COUNTER	function	source_only
include/kf/lib/enum.h	99	KF_ENUM_FLAGS	function	source_only
include/kf/lib/enum.h	100	KF_ENUM_DECODE	function	source_only
include/kf/lib/enum.h	101	KF_ENUM_ENCODE	function	source_only
include/kf/lib/math.h	2	KF_LIB_MATH_H	object	source_only
include/kf/lib/memory_layout.h	2	KF_MEMORY_LAYOUT_H	object	source_only
include/kf/lib/movie_stream.h	2	KF_MOVIE_STREAM_H	object	source_only
include/kf/lib/null.h	2	KF_NULL_H	object	source_only
include/kf/lib/null.h	6	NULL	object	sdk_name
include/kf/lib/overlay.h	2	KF_OVERLAY_H	object	source_only
include/kf/lib/overlay.h	26	OVERLAY_RAM_END	object	source_only
include/kf/lib/overlay.h	27	OVERLAY_STACK_BOTTOM	object	source_only
include/kf/lib/types.h	2	KF_LIB_TYPES_H	object	source_only
include/kf/open/opening.h	2	KF_OPEN_OPENING_H	object	source_only
src/end/main.c	13	ENDING_HEAP_BASE	object	source_only
src/end/main.c	14	ENDING_HEAP_BYTES	object	source_only
src/game/cd_memory.c	15	MEMORY_RAM_BASE	object	source_only
src/game/cd_memory.c	17	NEXT_BLOCK	function	source_only
src/game/cd_memory.c	18	MEMORY_BLOCK	function	source_only
src/game/cd_memory.c	28	CD_EVENT_CLASS_CDROM	object	source_only
src/game/cd_memory.c	29	CD_EVENT_CLASS_VSYNC_COUNTER	object	source_only
src/game/collision_grid_sample.c	9	COLLISION_CACHE_CELL	object	source_only
src/game/collision_grid_sample.c	10	COLLISION_CACHE_LAYER	object	source_only
src/game/collision_grid_sample.c	11	COLLISION_CACHE_HEIGHT	object	source_only
src/game/collision_height_wrappers.c	11	COLLISION_CACHE_CELL	object	source_only
src/game/collision_height_wrappers.c	12	COLLISION_CACHE_SHAPE	object	source_only
src/game/collision_height_wrappers.c	13	COLLISION_CACHE_LAYER	object	source_only
src/game/collision_height_wrappers.c	14	COLLISION_CACHE_HEIGHT	object	source_only
src/game/collision_height_wrappers.c	15	COLLISION_CACHE_RESULT	object	source_only
src/game/collision_height_wrappers.c	16	COLLISION_CACHE_FLAGS	object	source_only
src/game/collision_height_wrappers.c	17	COLLISION_CACHE_ACTOR_INDEX	object	source_only
src/game/collision_height_wrappers.c	18	COLLISION_CACHE_OBJECT_INDEX	object	source_only
src/game/collision_height_wrappers.c	19	COLLISION_CACHE_POSITION	object	source_only
src/game/collision_height_wrappers.c	20	COLLISION_CACHE_RADIUS	object	source_only
src/game/collision_height_wrappers.c	21	COLLISION_CACHE_INTERACTION_HEIGHT	object	source_only
src/game/display.c	19	GRAPHICS	object	source_only
src/game/display.c	20	DISPLAY	object	source_only
src/game/memory_card_events.c	12	CARD_EVENT_CLASS	object	source_only
src/game/menu_transition.c	25	MENU_FADE_NEXT_QUAD	function	source_only
src/game/render_map.c	12	MAP_VERTEX	function	source_only
src/game/render_map.c	13	MAP_XY	function	source_only
src/game/render_map.c	131	CLIPPED_MAP_VERTEX	function	source_only
src/game/render_map.c	202	MAP_OUTSIDE_Y	function	source_only
src/game/render_map.c	203	MAP_OUTSIDE_X	function	source_only
src/game/render_map.c	204	MAP_ORIGINAL_VERTEX	function	source_only
src/game/tmd_pipeline.c	178	TMD_VERTEX	function	source_only
src/game/tmd_pipeline.c	179	TMD_XY	function	source_only
src/lib/display_init.c	6	DISPLAY_WIDTH	object	source_only
src/lib/display_init.c	7	DISPLAY_CLEARS_BACKGROUND	object	source_only
src/lib/display_init.c	8	DISPLAY_BACKGROUND_LEVEL	object	source_only
src/lib/display_init.c	10	DISPLAY_WIDTH	object	source_only
src/lib/display_init.c	11	DISPLAY_CLEARS_BACKGROUND	object	source_only
src/lib/display_init.c	12	DISPLAY_BACKGROUND_LEVEL	object	source_only
src/lib/movie_stream.c	11	WAIT_TIME	object	sdk_name
src/lib/movie_stream.c	12	RING_SIZE	object	source_only
src/lib/movie_stream.c	13	SCR_WIDTH	object	source_only
src/lib/movie_stream.c	14	SCR_HEIGHT	object	source_only
src/open/main.c	13	OPENING_HEAP_BASE	object	source_only
src/open/main.c	14	OPENING_HEAP_BYTES	object	source_only
vendor/include/asm.h	2	KF_ASM_SHIM	object	source_only
vendor/include/psyq/audio.h	2	KF_PSYQ_AUDIO_H	object	source_only
vendor/include/psyq/cd.h	2	KF_PSYQ_CD_H	object	source_only
vendor/include/psyq/kernel.h	2	KF_PSYQ_KERNEL_H	object	source_only
vendor/include/psyq/kernel.h	14	LANGUAGE_C	object	source_only
vendor/include/psyq/libc.h	2	KF_PSYQ_LIBC_H	object	source_only
vendor/include/psyq/pad.h	2	KF_PSYQ_PAD_H	object	source_only
vendor/include/psyq/press.h	2	KF_PSYQ_PRESS_H	object	source_only
vendor/include/psyq/sdk.h	2	KF_PSYQ_H	object	source_only
vendor/include/r3000.h	2	KF_R3000_SHIM	object	source_only
vendor/include/stdarg.h	2	KF_STDARG_H	object	source_only
vendor/include/stdarg.h	21	va_start	function	sdk_name
vendor/include/stdarg.h	22	va_arg	function	sdk_name
vendor/include/stdarg.h	23	va_end	function	sdk_name
vendor/include/stdarg.h	26	__va_rounded_size	function	sdk_name
vendor/include/stdarg.h	28	va_start	function	sdk_name
vendor/include/stdarg.h	30	va_arg	function	sdk_name
vendor/include/stdarg.h	31	va_end	function	sdk_name
vendor/include/sys/fcntl.h	2	KF_SYS_FCNTL_SHIM	object	source_only
vendor/include/sys/types.h	2	KF_SYS_TYPES_SHIM	object	source_only
