source	line	field	candidate_family	decision
src/game/actor_animation.c	24	vx	setVector/copyVector/addVector	partial_reordered_or_interleaved_vector_writes
src/game/actor_animation.c	25	vz	setVector/copyVector/addVector	partial_reordered_or_interleaved_vector_writes
src/game/actor_animation.c	26	vy	setVector/copyVector/addVector	partial_reordered_or_interleaved_vector_writes
src/game/actor_animation.c	59	vx	setVector/copyVector/addVector	partial_reordered_or_interleaved_vector_writes
src/game/actor_animation.c	60	vz	setVector/copyVector/addVector	partial_reordered_or_interleaved_vector_writes
src/game/actor_animation.c	61	vy	setVector/copyVector/addVector	partial_reordered_or_interleaved_vector_writes
src/game/actor_fixup_group_targets.c	42	vx	setVector/copyVector/addVector	partial_reordered_or_interleaved_vector_writes
src/game/actor_fixup_group_targets.c	43	vy	setVector/copyVector/addVector	partial_reordered_or_interleaved_vector_writes
src/game/actor_fixup_group_targets.c	45	vz	setVector/copyVector/addVector	partial_reordered_or_interleaved_vector_writes
src/game/actor_fixup_group_targets.c	47	y	setRECT/setWH	no_contiguous_four_field_RECT_shape_or_partial_update
src/game/actor_group_position.c	14	vx	setVector/copyVector/addVector	isolated_trial_setVector
src/game/actor_group_position.c	15	vy	setVector/copyVector/addVector	isolated_trial_setVector
src/game/actor_group_position.c	16	vz	setVector/copyVector/addVector	isolated_trial_setVector
src/game/actor_group_position.c	18	vx	setVector/copyVector/addVector	isolated_trial_setVector
src/game/actor_group_position.c	19	vy	setVector/copyVector/addVector	isolated_trial_setVector
src/game/actor_group_position.c	20	vz	setVector/copyVector/addVector	isolated_trial_setVector
src/game/actor_group_position.c	22	x	setRECT/setWH	no_contiguous_four_field_RECT_shape_or_partial_update
src/game/actor_group_position.c	23	y	setRECT/setWH	no_contiguous_four_field_RECT_shape_or_partial_update
src/game/actor_group_position.c	151	y	setRECT/setWH	no_contiguous_four_field_RECT_shape_or_partial_update
src/game/actor_group_position.c	158	x	setRECT/setWH	no_contiguous_four_field_RECT_shape_or_partial_update
src/game/actor_group_position.c	160	x	setRECT/setWH	no_contiguous_four_field_RECT_shape_or_partial_update
src/game/actor_initialize_from_group.c	21	y	setRECT/setWH	no_contiguous_four_field_RECT_shape_or_partial_update
src/game/actor_motion.c	67	y	setRECT/setWH	no_contiguous_four_field_RECT_shape_or_partial_update
src/game/actor_motion.c	71	y	setRECT/setWH	no_contiguous_four_field_RECT_shape_or_partial_update
src/game/actor_motion.c	76	y	setRECT/setWH	no_contiguous_four_field_RECT_shape_or_partial_update
src/game/actor_motion.c	146	vy	setVector/copyVector/addVector	partial_reordered_or_interleaved_vector_writes
src/game/actor_motion.c	160	x	setRECT/setWH	no_contiguous_four_field_RECT_shape_or_partial_update
src/game/actor_motion_collision.c	21	vx	setVector/copyVector/addVector	isolated_trial_setVector
src/game/actor_motion_collision.c	22	vy	setVector/copyVector/addVector	isolated_trial_setVector
src/game/actor_motion_collision.c	23	vz	setVector/copyVector/addVector	isolated_trial_setVector
src/game/actor_motion_collision.c	34	vx	setVector/copyVector/addVector	partial_reordered_or_interleaved_vector_writes
src/game/actor_motion_collision.c	39	vy	setVector/copyVector/addVector	partial_reordered_or_interleaved_vector_writes
src/game/actor_motion_collision.c	44	vz	setVector/copyVector/addVector	partial_reordered_or_interleaved_vector_writes
src/game/actor_motion_collision.c	112	vy	setVector/copyVector/addVector	partial_reordered_or_interleaved_vector_writes
src/game/actor_motion_collision.c	122	vy	setVector/copyVector/addVector	partial_reordered_or_interleaved_vector_writes
src/game/actor_motion_collision.c	131	vy	setVector/copyVector/addVector	partial_reordered_or_interleaved_vector_writes
src/game/actor_motion_collision.c	135	vy	setVector/copyVector/addVector	partial_reordered_or_interleaved_vector_writes
src/game/actor_motion_collision.c	137	vy	setVector/copyVector/addVector	partial_reordered_or_interleaved_vector_writes
src/game/actor_motion_collision.c	144	vy	setVector/copyVector/addVector	partial_reordered_or_interleaved_vector_writes
src/game/actor_motion_collision.c	150	vy	setVector/copyVector/addVector	partial_reordered_or_interleaved_vector_writes
src/game/actor_motion_collision.c	164	vy	setVector/copyVector/addVector	partial_reordered_or_interleaved_vector_writes
src/game/actor_player_damage.c	90	vx	setVector/copyVector/addVector	isolated_trial_setVector
src/game/actor_player_damage.c	91	vy	setVector/copyVector/addVector	isolated_trial_setVector
src/game/actor_player_damage.c	92	vz	setVector/copyVector/addVector	isolated_trial_setVector
src/game/actor_player_damage.c	148	y	setRECT/setWH	no_contiguous_four_field_RECT_shape_or_partial_update
src/game/actor_player_damage.c	150	y	setRECT/setWH	no_contiguous_four_field_RECT_shape_or_partial_update
src/game/actor_player_damage.c	152	x	setRECT/setWH	no_contiguous_four_field_RECT_shape_or_partial_update
src/game/actor_player_damage.c	154	x	setRECT/setWH	no_contiguous_four_field_RECT_shape_or_partial_update
src/game/actor_player_damage.c	159	x	setRECT/setWH	no_contiguous_four_field_RECT_shape_or_partial_update
src/game/actor_player_damage.c	160	y	setRECT/setWH	no_contiguous_four_field_RECT_shape_or_partial_update
src/game/actor_prepare_initialize.c	8	x	setRECT/setWH	no_contiguous_four_field_RECT_shape_or_partial_update
src/game/actor_prepare_initialize.c	10	y	setRECT/setWH	no_contiguous_four_field_RECT_shape_or_partial_update
src/game/actor_set_home_position.c	15	vx	setVector/copyVector/addVector	partial_reordered_or_interleaved_vector_writes
src/game/actor_set_home_position.c	17	vz	setVector/copyVector/addVector	partial_reordered_or_interleaved_vector_writes
src/game/actor_set_home_position.c	19	vy	setVector/copyVector/addVector	partial_reordered_or_interleaved_vector_writes
src/game/actor_set_home_position.c	25	vy	setVector/copyVector/addVector	partial_reordered_or_interleaved_vector_writes
src/game/actor_set_home_position.c	28	vy	setVector/copyVector/addVector	partial_reordered_or_interleaved_vector_writes
src/game/actor_set_home_position.c	32	vy	setVector/copyVector/addVector	partial_reordered_or_interleaved_vector_writes
src/game/animation_sparse_vertices.c	24	vx	setVector/copyVector/addVector	isolated_trial_setVector
src/game/animation_sparse_vertices.c	25	vy	setVector/copyVector/addVector	isolated_trial_setVector
src/game/animation_sparse_vertices.c	26	vz	setVector/copyVector/addVector	isolated_trial_setVector
src/game/animation_sparse_vertices.c	44	vx	setVector/copyVector/addVector	isolated_trial_setVector
src/game/animation_sparse_vertices.c	45	vy	setVector/copyVector/addVector	isolated_trial_setVector
src/game/animation_sparse_vertices.c	46	vz	setVector/copyVector/addVector	isolated_trial_setVector
src/game/animation_sparse_vertices.c	63	vz	setVector/copyVector/addVector	partial_reordered_or_interleaved_vector_writes
src/game/animation_sparse_vertices.c	64	vy	setVector/copyVector/addVector	partial_reordered_or_interleaved_vector_writes
src/game/animation_sparse_vertices.c	65	vx	setVector/copyVector/addVector	partial_reordered_or_interleaved_vector_writes
src/game/animation_sparse_vertices.c	84	vx	setVector/copyVector/addVector	isolated_trial_none
src/game/animation_sparse_vertices.c	85	vy	setVector/copyVector/addVector	isolated_trial_none
src/game/animation_sparse_vertices.c	86	vz	setVector/copyVector/addVector	isolated_trial_none
src/game/animation_sparse_vertices.c	102	vx	setVector/copyVector/addVector	isolated_trial_none
src/game/animation_sparse_vertices.c	103	vy	setVector/copyVector/addVector	isolated_trial_none
src/game/animation_sparse_vertices.c	104	vz	setVector/copyVector/addVector	isolated_trial_none
src/game/animation_sparse_vertices.c	105	vx	setVector/copyVector/addVector	isolated_trial_none
src/game/animation_sparse_vertices.c	106	vy	setVector/copyVector/addVector	isolated_trial_none
src/game/animation_sparse_vertices.c	107	vz	setVector/copyVector/addVector	isolated_trial_none
src/game/animation_sparse_vertices.c	108	vx	setVector/copyVector/addVector	isolated_trial_none
src/game/animation_sparse_vertices.c	109	vy	setVector/copyVector/addVector	isolated_trial_none
src/game/animation_sparse_vertices.c	110	vz	setVector/copyVector/addVector	isolated_trial_none
src/game/animation_sparse_vertices.c	124	vx	setVector/copyVector/addVector	isolated_trial_none
src/game/animation_sparse_vertices.c	125	vy	setVector/copyVector/addVector	isolated_trial_none
src/game/animation_sparse_vertices.c	126	vz	setVector/copyVector/addVector	isolated_trial_none
src/game/asset_vertex_count.c	121	vz	setVector/copyVector/addVector	partial_reordered_or_interleaved_vector_writes
src/game/asset_vertex_count.c	122	vy	setVector/copyVector/addVector	partial_reordered_or_interleaved_vector_writes
src/game/asset_vertex_count.c	123	vx	setVector/copyVector/addVector	partial_reordered_or_interleaved_vector_writes
src/game/asset_vertex_count.c	151	vx	setVector/copyVector/addVector	isolated_trial_setVector
src/game/asset_vertex_count.c	152	vy	setVector/copyVector/addVector	isolated_trial_setVector
src/game/asset_vertex_count.c	153	vz	setVector/copyVector/addVector	isolated_trial_setVector
src/game/asset_vertex_count.c	160	vx	setVector/copyVector/addVector	isolated_trial_setVector
src/game/asset_vertex_count.c	161	vy	setVector/copyVector/addVector	isolated_trial_setVector
src/game/asset_vertex_count.c	162	vz	setVector/copyVector/addVector	isolated_trial_setVector
src/game/cd_memory.c	101	h	setRECT/setWH	no_contiguous_four_field_RECT_shape_or_partial_update
src/game/cd_memory.c	103	h	setRECT/setWH	no_contiguous_four_field_RECT_shape_or_partial_update
src/game/cd_memory.c	104	y	setRECT/setWH	no_contiguous_four_field_RECT_shape_or_partial_update
src/game/cd_memory.c	108	h	setRECT/setWH	no_contiguous_four_field_RECT_shape_or_partial_update
src/game/cd_memory.c	110	h	setRECT/setWH	no_contiguous_four_field_RECT_shape_or_partial_update
src/game/cd_memory.c	122	h	setRECT/setWH	no_contiguous_four_field_RECT_shape_or_partial_update
src/game/cd_memory.c	714	h	setRECT/setWH	no_contiguous_four_field_RECT_shape_or_partial_update
src/game/display.c	152	x	setRECT/setWH	no_contiguous_four_field_RECT_shape_or_partial_update
src/game/display.c	153	y	setRECT/setWH	no_contiguous_four_field_RECT_shape_or_partial_update
src/game/effect_aim_and_move.c	32	vx	setVector/copyVector/addVector	isolated_trial_setVector
src/game/effect_aim_and_move.c	33	vy	setVector/copyVector/addVector	isolated_trial_setVector
src/game/effect_aim_and_move.c	34	vz	setVector/copyVector/addVector	isolated_trial_setVector
src/game/effect_aim_and_move.c	41	vx	setVector/copyVector/addVector	partial_reordered_or_interleaved_vector_writes
src/game/effect_aim_and_move.c	43	vy	setVector/copyVector/addVector	partial_reordered_or_interleaved_vector_writes
src/game/effect_aim_and_move.c	53	vx	setVector/copyVector/addVector	isolated_trial_setVector
src/game/effect_aim_and_move.c	54	vy	setVector/copyVector/addVector	isolated_trial_setVector
src/game/effect_aim_and_move.c	55	vz	setVector/copyVector/addVector	isolated_trial_setVector
src/game/effect_move_probe.c	17	vx	setVector/copyVector/addVector	isolated_trial_setVector
src/game/effect_move_probe.c	18	vy	setVector/copyVector/addVector	isolated_trial_setVector
src/game/effect_move_probe.c	19	vz	setVector/copyVector/addVector	isolated_trial_setVector
src/game/effect_scatter.c	21	vx	setVector/copyVector/addVector	isolated_trial_setVector
src/game/effect_scatter.c	22	vy	setVector/copyVector/addVector	isolated_trial_setVector
src/game/effect_scatter.c	23	vz	setVector/copyVector/addVector	isolated_trial_setVector
src/game/effect_scatter.c	25	vx	setVector/copyVector/addVector	isolated_trial_setVector
src/game/effect_scatter.c	26	vy	setVector/copyVector/addVector	isolated_trial_setVector
src/game/effect_scatter.c	27	vz	setVector/copyVector/addVector	isolated_trial_setVector
src/game/effect_scatter.c	39	vz	setVector/copyVector/addVector	partial_reordered_or_interleaved_vector_writes
src/game/effect_scatter.c	49	vx	setVector/copyVector/addVector	subtraction_not_addVector
src/game/effect_scatter.c	50	vy	setVector/copyVector/addVector	subtraction_not_addVector
src/game/effect_scatter.c	51	vz	setVector/copyVector/addVector	subtraction_not_addVector
src/game/effect_scatter.c	53	vx	setVector/copyVector/addVector	subtraction_not_addVector
src/game/effect_scatter.c	54	vy	setVector/copyVector/addVector	subtraction_not_addVector
src/game/effect_scatter.c	55	vz	setVector/copyVector/addVector	subtraction_not_addVector
src/game/effect_scatter.c	57	vx	setVector/copyVector/addVector	subtraction_not_addVector
src/game/effect_scatter.c	58	vy	setVector/copyVector/addVector	subtraction_not_addVector
src/game/effect_scatter.c	59	vz	setVector/copyVector/addVector	subtraction_not_addVector
src/game/effect_scatter.c	71	vx	setVector/copyVector/addVector	isolated_trial_setVector
src/game/effect_scatter.c	72	vy	setVector/copyVector/addVector	isolated_trial_setVector
src/game/effect_scatter.c	73	vz	setVector/copyVector/addVector	isolated_trial_setVector
src/game/effect_scatter.c	74	vy	setVector/copyVector/addVector	partial_reordered_or_interleaved_vector_writes
src/game/effect_scatter.c	77	vx	setVector/copyVector/addVector	partial_reordered_or_interleaved_vector_writes
src/game/effect_scatter.c	78	vz	setVector/copyVector/addVector	partial_reordered_or_interleaved_vector_writes
src/game/effect_spawn_motion.c	20	vx	setVector/copyVector/addVector	partial_reordered_or_interleaved_vector_writes
src/game/effect_spawn_motion.c	20	vy	setVector/copyVector/addVector	partial_reordered_or_interleaved_vector_writes
src/game/effect_spawn_motion.c	20	vz	setVector/copyVector/addVector	partial_reordered_or_interleaved_vector_writes
src/game/effect_spawn_motion.c	34	vx	setVector/copyVector/addVector	isolated_trial_setVector
src/game/effect_spawn_motion.c	35	vy	setVector/copyVector/addVector	isolated_trial_setVector
src/game/effect_spawn_motion.c	36	vz	setVector/copyVector/addVector	isolated_trial_setVector
src/game/effect_spawn_motion.c	39	vx	setVector/copyVector/addVector	partial_reordered_or_interleaved_vector_writes
src/game/effect_spawn_motion.c	39	vy	setVector/copyVector/addVector	partial_reordered_or_interleaved_vector_writes
src/game/effect_spawn_motion.c	39	vz	setVector/copyVector/addVector	partial_reordered_or_interleaved_vector_writes
src/game/effect_spawn_motion.c	49	vx	setVector/copyVector/addVector	isolated_trial_setVector
src/game/effect_spawn_motion.c	50	vy	setVector/copyVector/addVector	isolated_trial_setVector
src/game/effect_spawn_motion.c	51	vz	setVector/copyVector/addVector	isolated_trial_setVector
src/game/effect_spawn_motion.c	54	vx	setVector/copyVector/addVector	isolated_trial_setVector
src/game/effect_spawn_motion.c	55	vy	setVector/copyVector/addVector	isolated_trial_setVector
src/game/effect_spawn_motion.c	56	vz	setVector/copyVector/addVector	isolated_trial_setVector
src/game/effect_spawn_motion.c	83	vx	setVector/copyVector/addVector	partial_reordered_or_interleaved_vector_writes
src/game/effect_spawn_motion.c	84	vz	setVector/copyVector/addVector	partial_reordered_or_interleaved_vector_writes
src/game/effect_spawn_motion.c	85	vy	setVector/copyVector/addVector	partial_reordered_or_interleaved_vector_writes
src/game/effect_spawn_zero_direction.c	17	vx	setVector/copyVector/addVector	isolated_trial_setVector
src/game/effect_spawn_zero_direction.c	18	vy	setVector/copyVector/addVector	isolated_trial_setVector
src/game/effect_spawn_zero_direction.c	19	vz	setVector/copyVector/addVector	isolated_trial_setVector
src/game/effect_spawn_zero_direction.c	41	vx	setVector/copyVector/addVector	partial_reordered_or_interleaved_vector_writes
src/game/effect_spawn_zero_direction.c	42	vz	setVector/copyVector/addVector	partial_reordered_or_interleaved_vector_writes
src/game/effect_spawn_zero_direction.c	43	vy	setVector/copyVector/addVector	partial_reordered_or_interleaved_vector_writes
src/game/effect_target_motion.c	15	vx	setVector/copyVector/addVector	isolated_trial_setVector
src/game/effect_target_motion.c	16	vy	setVector/copyVector/addVector	isolated_trial_setVector
src/game/effect_target_motion.c	17	vz	setVector/copyVector/addVector	isolated_trial_setVector
src/game/effect_target_motion.c	23	vx	setVector/copyVector/addVector	isolated_trial_setVector
src/game/effect_target_motion.c	24	vy	setVector/copyVector/addVector	isolated_trial_setVector
src/game/effect_target_motion.c	25	vz	setVector/copyVector/addVector	isolated_trial_setVector
src/game/effect_target_motion.c	27	vx	setVector/copyVector/addVector	isolated_trial_setVector
src/game/effect_target_motion.c	28	vy	setVector/copyVector/addVector	isolated_trial_setVector
src/game/effect_target_motion.c	29	vz	setVector/copyVector/addVector	isolated_trial_setVector
src/game/effect_update.c	95	vx	setVector/copyVector/addVector	isolated_trial_setVector
src/game/effect_update.c	96	vy	setVector/copyVector/addVector	isolated_trial_setVector
src/game/effect_update.c	97	vz	setVector/copyVector/addVector	isolated_trial_setVector
src/game/effect_update.c	144	vx	setVector/copyVector/addVector	isolated_trial_setVector
src/game/effect_update.c	145	vy	setVector/copyVector/addVector	isolated_trial_setVector
src/game/effect_update.c	146	vz	setVector/copyVector/addVector	isolated_trial_setVector
src/game/effect_update.c	148	x	setRECT/setWH	no_contiguous_four_field_RECT_shape_or_partial_update
src/game/effect_update.c	149	y	setRECT/setWH	no_contiguous_four_field_RECT_shape_or_partial_update
src/game/effect_update.c	205	vx	setVector/copyVector/addVector	partial_reordered_or_interleaved_vector_writes
src/game/effect_update.c	206	vy	setVector/copyVector/addVector	partial_reordered_or_interleaved_vector_writes
src/game/effect_update.c	207	vz	setVector/copyVector/addVector	partial_reordered_or_interleaved_vector_writes
src/game/effect_update.c	208	vy	setVector/copyVector/addVector	partial_reordered_or_interleaved_vector_writes
src/game/effect_update.c	209	vx	setVector/copyVector/addVector	partial_reordered_or_interleaved_vector_writes
src/game/effect_update.c	210	vz	setVector/copyVector/addVector	partial_reordered_or_interleaved_vector_writes
src/game/event_pose_interpolate.c	15	vx	setVector/copyVector/addVector	isolated_trial_setVector
src/game/event_pose_interpolate.c	16	vy	setVector/copyVector/addVector	isolated_trial_setVector
src/game/event_pose_interpolate.c	17	vz	setVector/copyVector/addVector	isolated_trial_setVector
src/game/event_pose_interpolate.c	18	x	setRECT/setWH	no_contiguous_four_field_RECT_shape_or_partial_update
src/game/event_pose_interpolate.c	19	y	setRECT/setWH	no_contiguous_four_field_RECT_shape_or_partial_update
src/game/event_pose_interpolate.c	22	vx	setVector/copyVector/addVector	partial_reordered_or_interleaved_vector_writes
src/game/event_pose_interpolate.c	25	vy	setVector/copyVector/addVector	partial_reordered_or_interleaved_vector_writes
src/game/event_pose_interpolate.c	26	vz	setVector/copyVector/addVector	partial_reordered_or_interleaved_vector_writes
src/game/floor_item_find_free.c	32	x	setRECT/setWH	no_contiguous_four_field_RECT_shape_or_partial_update
src/game/floor_item_find_free.c	33	y	setRECT/setWH	no_contiguous_four_field_RECT_shape_or_partial_update
src/game/floor_item_find_free.c	36	w	setRECT/setWH	setWH_full_listing_identical_trial
src/game/floor_item_find_free.c	37	h	setRECT/setWH	setWH_full_listing_identical_trial
src/game/floor_item_find_free.c	66	y	setRECT/setWH	no_contiguous_four_field_RECT_shape_or_partial_update
src/game/floor_item_find_free.c	67	h	setRECT/setWH	no_contiguous_four_field_RECT_shape_or_partial_update
src/game/graphics_textured_quad.c	23	tpage	setClut/setTPage	direct_value_or_packed_copy_not_GetClut_or_GetTPage_call
src/game/graphics_textured_quad.c	24	clut	setClut/setTPage	direct_value_or_packed_copy_not_GetClut_or_GetTPage_call
src/game/graphics_textured_quad.c	25	u0	setXY/setUV	quad_trial_nonexact_or_store_order_differs
src/game/graphics_textured_quad.c	26	v0	setXY/setUV	quad_trial_nonexact_or_store_order_differs
src/game/graphics_textured_quad.c	27	u1	setXY/setUV	quad_trial_nonexact_or_store_order_differs
src/game/graphics_textured_quad.c	28	v1	setXY/setUV	quad_trial_nonexact_or_store_order_differs
src/game/graphics_textured_quad.c	29	u2	setXY/setUV	quad_trial_nonexact_or_store_order_differs
src/game/graphics_textured_quad.c	30	v2	setXY/setUV	quad_trial_nonexact_or_store_order_differs
src/game/graphics_textured_quad.c	31	u3	setXY/setUV	quad_trial_nonexact_or_store_order_differs
src/game/graphics_textured_quad.c	32	v3	setXY/setUV	quad_trial_nonexact_or_store_order_differs
src/game/graphics_textured_quad.c	33	x0	setXY/setUV	quad_trial_nonexact_or_store_order_differs
src/game/graphics_textured_quad.c	33	x2	setXY/setUV	quad_trial_nonexact_or_store_order_differs
src/game/graphics_textured_quad.c	34	x1	setXY/setUV	quad_trial_nonexact_or_store_order_differs
src/game/graphics_textured_quad.c	34	x3	setXY/setUV	quad_trial_nonexact_or_store_order_differs
src/game/graphics_textured_quad.c	35	y0	setXY/setUV	quad_trial_nonexact_or_store_order_differs
src/game/graphics_textured_quad.c	35	y1	setXY/setUV	quad_trial_nonexact_or_store_order_differs
src/game/graphics_textured_quad.c	36	y2	setXY/setUV	quad_trial_nonexact_or_store_order_differs
src/game/graphics_textured_quad.c	36	y3	setXY/setUV	quad_trial_nonexact_or_store_order_differs
src/game/map_object.c	32	vx	setVector/copyVector/addVector	isolated_trial_setVector
src/game/map_object.c	33	vy	setVector/copyVector/addVector	isolated_trial_setVector
src/game/map_object.c	34	vz	setVector/copyVector/addVector	isolated_trial_setVector
src/game/map_object.c	37	vx	setVector/copyVector/addVector	partial_reordered_or_interleaved_vector_writes
src/game/map_object.c	38	vz	setVector/copyVector/addVector	partial_reordered_or_interleaved_vector_writes
src/game/map_object.c	127	vx	setVector/copyVector/addVector	isolated_trial_setVector
src/game/map_object.c	128	vy	setVector/copyVector/addVector	isolated_trial_setVector
src/game/map_object.c	129	vz	setVector/copyVector/addVector	isolated_trial_setVector
src/game/map_object.c	130	vy	setVector/copyVector/addVector	partial_reordered_or_interleaved_vector_writes
src/game/map_object.c	150	pad	primitive pad	non_primitive_field
src/game/map_object.c	152	pad	primitive pad	non_primitive_field
src/game/map_object_motion.c	43	vy	setVector/copyVector/addVector	partial_reordered_or_interleaved_vector_writes
src/game/map_object_motion.c	64	vx	setVector/copyVector/addVector	isolated_trial_setVector
src/game/map_object_motion.c	66	vy	setVector/copyVector/addVector	isolated_trial_setVector
src/game/map_object_motion.c	68	vz	setVector/copyVector/addVector	partial_reordered_or_interleaved_vector_writes
src/game/map_object_reset.c	42	vz	setVector/copyVector/addVector	partial_reordered_or_interleaved_vector_writes
src/game/map_object_reset.c	43	vx	setVector/copyVector/addVector	partial_reordered_or_interleaved_vector_writes
src/game/map_object_reset.c	44	vy	setVector/copyVector/addVector	partial_reordered_or_interleaved_vector_writes
src/game/map_object_reset.c	45	vx	setVector/copyVector/addVector	partial_reordered_or_interleaved_vector_writes
src/game/map_object_reset.c	45	vy	setVector/copyVector/addVector	partial_reordered_or_interleaved_vector_writes
src/game/map_object_reset.c	45	vz	setVector/copyVector/addVector	partial_reordered_or_interleaved_vector_writes
src/game/map_object_reset.c	71	vz	setVector/copyVector/addVector	partial_reordered_or_interleaved_vector_writes
src/game/map_object_reset.c	101	vx	setVector/copyVector/addVector	partial_reordered_or_interleaved_vector_writes
src/game/map_object_reset.c	101	vy	setVector/copyVector/addVector	partial_reordered_or_interleaved_vector_writes
src/game/map_object_reset.c	101	vz	setVector/copyVector/addVector	partial_reordered_or_interleaved_vector_writes
src/game/map_object_reset.c	110	vx	setVector/copyVector/addVector	partial_reordered_or_interleaved_vector_writes
src/game/map_object_reset.c	110	vy	setVector/copyVector/addVector	partial_reordered_or_interleaved_vector_writes
src/game/map_object_reset.c	110	vz	setVector/copyVector/addVector	partial_reordered_or_interleaved_vector_writes
src/game/map_object_spawn_scatter.c	26	vx	setVector/copyVector/addVector	isolated_trial_setVector
src/game/map_object_spawn_scatter.c	28	vy	setVector/copyVector/addVector	isolated_trial_setVector
src/game/map_object_spawn_scatter.c	29	vz	setVector/copyVector/addVector	partial_reordered_or_interleaved_vector_writes
src/game/map_object_spawn_scatter.c	31	vy	setVector/copyVector/addVector	partial_reordered_or_interleaved_vector_writes
src/game/map_object_vertex_world.c	17	vx	setVector/copyVector/addVector	isolated_trial_setVector
src/game/map_object_vertex_world.c	18	vy	setVector/copyVector/addVector	isolated_trial_setVector
src/game/map_object_vertex_world.c	19	vz	setVector/copyVector/addVector	isolated_trial_setVector
src/game/map_object_vertex_world.c	21	x	setRECT/setWH	no_contiguous_four_field_RECT_shape_or_partial_update
src/game/map_object_vertex_world.c	22	y	setRECT/setWH	no_contiguous_four_field_RECT_shape_or_partial_update
src/game/map_placed_expand.c	22	vx	setVector/copyVector/addVector	partial_reordered_or_interleaved_vector_writes
src/game/map_placed_expand.c	23	vz	setVector/copyVector/addVector	partial_reordered_or_interleaved_vector_writes
src/game/map_placed_expand.c	24	vy	setVector/copyVector/addVector	partial_reordered_or_interleaved_vector_writes
src/game/matrix_rotation.c	95	vx	setVector/copyVector/addVector	isolated_trial_setVector
src/game/matrix_rotation.c	96	vy	setVector/copyVector/addVector	isolated_trial_setVector
src/game/matrix_rotation.c	97	vz	setVector/copyVector/addVector	isolated_trial_setVector
src/game/matrix_rotation.c	127	x	setRECT/setWH	no_contiguous_four_field_RECT_shape_or_partial_update
src/game/matrix_rotation.c	191	vx	setVector/copyVector/addVector	isolated_trial_setVector
src/game/matrix_rotation.c	192	vy	setVector/copyVector/addVector	isolated_trial_setVector
src/game/matrix_rotation.c	193	vz	setVector/copyVector/addVector	isolated_trial_setVector
src/game/matrix_rotation.c	196	vx	setVector/copyVector/addVector	isolated_trial_setVector
src/game/matrix_rotation.c	197	vy	setVector/copyVector/addVector	isolated_trial_setVector
src/game/matrix_rotation.c	198	vz	setVector/copyVector/addVector	isolated_trial_setVector
src/game/matrix_rotation.c	201	vx	setVector/copyVector/addVector	isolated_trial_setVector
src/game/matrix_rotation.c	202	vy	setVector/copyVector/addVector	isolated_trial_setVector
src/game/matrix_rotation.c	203	vz	setVector/copyVector/addVector	isolated_trial_setVector
src/game/menu_blit_sprite.c	20	tpage	setClut/setTPage	direct_value_or_packed_copy_not_GetClut_or_GetTPage_call
src/game/menu_blit_sprite.c	21	clut	setClut/setTPage	getClut_trial_changed_exact_listing
src/game/menu_blit_sprite_fixed_clut.c	20	tpage	setClut/setTPage	direct_value_or_packed_copy_not_GetClut_or_GetTPage_call
src/game/menu_blit_sprite_fixed_clut.c	21	clut	setClut/setTPage	direct_value_or_packed_copy_not_GetClut_or_GetTPage_call
src/game/menu_blit_sprite_translucent.c	11	tpage	setClut/setTPage	direct_value_or_packed_copy_not_GetClut_or_GetTPage_call
src/game/menu_blit_sprite_translucent.c	12	clut	setClut/setTPage	direct_value_or_packed_copy_not_GetClut_or_GetTPage_call
src/game/menu_card_format_flow.c	69	x	setRECT/setWH	no_contiguous_four_field_RECT_shape_or_partial_update
src/game/menu_card_format_flow.c	70	y	setRECT/setWH	no_contiguous_four_field_RECT_shape_or_partial_update
src/game/menu_card_format_flow.c	74	x	setRECT/setWH	no_contiguous_four_field_RECT_shape_or_partial_update
src/game/menu_card_format_flow.c	75	y	setRECT/setWH	no_contiguous_four_field_RECT_shape_or_partial_update
src/game/menu_card_format_flow.c	82	x	setRECT/setWH	no_contiguous_four_field_RECT_shape_or_partial_update
src/game/menu_card_format_flow.c	83	y	setRECT/setWH	no_contiguous_four_field_RECT_shape_or_partial_update
src/game/menu_card_format_flow.c	85	x	setRECT/setWH	no_contiguous_four_field_RECT_shape_or_partial_update
src/game/menu_card_format_flow.c	86	y	setRECT/setWH	no_contiguous_four_field_RECT_shape_or_partial_update
src/game/menu_card_format_flow.c	88	x	setRECT/setWH	no_contiguous_four_field_RECT_shape_or_partial_update
src/game/menu_card_format_flow.c	89	y	setRECT/setWH	no_contiguous_four_field_RECT_shape_or_partial_update
src/game/menu_card_format_flow.c	91	x	setRECT/setWH	no_contiguous_four_field_RECT_shape_or_partial_update
src/game/menu_card_format_flow.c	92	y	setRECT/setWH	no_contiguous_four_field_RECT_shape_or_partial_update
src/game/menu_card_format_flow.c	94	x	setRECT/setWH	no_contiguous_four_field_RECT_shape_or_partial_update
src/game/menu_card_format_flow.c	95	y	setRECT/setWH	no_contiguous_four_field_RECT_shape_or_partial_update
src/game/menu_card_labels.c	7	x	setRECT/setWH	no_contiguous_four_field_RECT_shape_or_partial_update
src/game/menu_card_labels.c	8	y	setRECT/setWH	no_contiguous_four_field_RECT_shape_or_partial_update
src/game/menu_card_labels.c	15	x	setRECT/setWH	no_contiguous_four_field_RECT_shape_or_partial_update
src/game/menu_card_labels.c	16	y	setRECT/setWH	no_contiguous_four_field_RECT_shape_or_partial_update
src/game/menu_card_labels.c	27	x	setRECT/setWH	no_contiguous_four_field_RECT_shape_or_partial_update
src/game/menu_card_labels.c	28	y	setRECT/setWH	no_contiguous_four_field_RECT_shape_or_partial_update
src/game/menu_card_labels.c	40	x	setRECT/setWH	no_contiguous_four_field_RECT_shape_or_partial_update
src/game/menu_card_labels.c	41	y	setRECT/setWH	no_contiguous_four_field_RECT_shape_or_partial_update
src/game/menu_card_labels.c	44	x	setRECT/setWH	no_contiguous_four_field_RECT_shape_or_partial_update
src/game/menu_card_labels.c	45	y	setRECT/setWH	no_contiguous_four_field_RECT_shape_or_partial_update
src/game/menu_card_labels.c	54	x	setRECT/setWH	no_contiguous_four_field_RECT_shape_or_partial_update
src/game/menu_card_labels.c	55	y	setRECT/setWH	no_contiguous_four_field_RECT_shape_or_partial_update
src/game/menu_card_labels.c	65	x	setRECT/setWH	no_contiguous_four_field_RECT_shape_or_partial_update
src/game/menu_card_labels.c	66	y	setRECT/setWH	no_contiguous_four_field_RECT_shape_or_partial_update
src/game/menu_card_panel.c	49	x	setRECT/setWH	no_contiguous_four_field_RECT_shape_or_partial_update
src/game/menu_card_panel.c	50	y	setRECT/setWH	no_contiguous_four_field_RECT_shape_or_partial_update
src/game/menu_card_panel.c	54	x	setRECT/setWH	no_contiguous_four_field_RECT_shape_or_partial_update
src/game/menu_card_panel.c	55	y	setRECT/setWH	no_contiguous_four_field_RECT_shape_or_partial_update
src/game/menu_card_panel.c	109	x	setRECT/setWH	no_contiguous_four_field_RECT_shape_or_partial_update
src/game/menu_card_panel.c	110	y	setRECT/setWH	no_contiguous_four_field_RECT_shape_or_partial_update
src/game/menu_card_panel.c	114	x	setRECT/setWH	no_contiguous_four_field_RECT_shape_or_partial_update
src/game/menu_card_panel.c	115	y	setRECT/setWH	no_contiguous_four_field_RECT_shape_or_partial_update
src/game/menu_display_state.c	32	x	setRECT/setWH	no_contiguous_four_field_RECT_shape_or_partial_update
src/game/menu_display_state.c	33	y	setRECT/setWH	no_contiguous_four_field_RECT_shape_or_partial_update
src/game/menu_display_state.c	35	x	setRECT/setWH	no_contiguous_four_field_RECT_shape_or_partial_update
src/game/menu_display_state.c	36	y	setRECT/setWH	no_contiguous_four_field_RECT_shape_or_partial_update
src/game/menu_display_state.c	38	w	setRECT/setWH	setWH_full_listing_identical_trial
src/game/menu_display_state.c	39	h	setRECT/setWH	setWH_full_listing_identical_trial
src/game/menu_draw_number.c	18	tpage	setClut/setTPage	direct_value_or_packed_copy_not_GetClut_or_GetTPage_call
src/game/menu_draw_number.c	19	clut	setClut/setTPage	direct_value_or_packed_copy_not_GetClut_or_GetTPage_call
src/game/menu_draw_string.c	9	tpage	setClut/setTPage	direct_value_or_packed_copy_not_GetClut_or_GetTPage_call
src/game/menu_draw_string.c	10	clut	setClut/setTPage	direct_value_or_packed_copy_not_GetClut_or_GetTPage_call
src/game/menu_frame_begin.c	34	x	setRECT/setWH	no_contiguous_four_field_RECT_shape_or_partial_update
src/game/menu_frame_begin.c	35	y	setRECT/setWH	no_contiguous_four_field_RECT_shape_or_partial_update
src/game/menu_frame_begin.c	37	x	setRECT/setWH	no_contiguous_four_field_RECT_shape_or_partial_update
src/game/menu_frame_begin.c	38	y	setRECT/setWH	no_contiguous_four_field_RECT_shape_or_partial_update
src/game/menu_label_templates.c	31	x	setRECT/setWH	no_contiguous_four_field_RECT_shape_or_partial_update
src/game/menu_label_templates.c	32	y	setRECT/setWH	no_contiguous_four_field_RECT_shape_or_partial_update
src/game/menu_label_templates.c	35	x	setRECT/setWH	no_contiguous_four_field_RECT_shape_or_partial_update
src/game/menu_label_templates.c	36	y	setRECT/setWH	no_contiguous_four_field_RECT_shape_or_partial_update
src/game/menu_label_templates.c	44	x	setRECT/setWH	no_contiguous_four_field_RECT_shape_or_partial_update
src/game/menu_label_templates.c	45	y	setRECT/setWH	no_contiguous_four_field_RECT_shape_or_partial_update
src/game/menu_label_templates.c	48	x	setRECT/setWH	no_contiguous_four_field_RECT_shape_or_partial_update
src/game/menu_label_templates.c	49	y	setRECT/setWH	no_contiguous_four_field_RECT_shape_or_partial_update
src/game/menu_label_templates.c	52	x	setRECT/setWH	no_contiguous_four_field_RECT_shape_or_partial_update
src/game/menu_label_templates.c	53	y	setRECT/setWH	no_contiguous_four_field_RECT_shape_or_partial_update
src/game/menu_label_templates.c	61	x	setRECT/setWH	no_contiguous_four_field_RECT_shape_or_partial_update
src/game/menu_label_templates.c	62	y	setRECT/setWH	no_contiguous_four_field_RECT_shape_or_partial_update
src/game/menu_label_templates.c	65	x	setRECT/setWH	no_contiguous_four_field_RECT_shape_or_partial_update
src/game/menu_label_templates.c	66	y	setRECT/setWH	no_contiguous_four_field_RECT_shape_or_partial_update
src/game/menu_label_templates.c	69	x	setRECT/setWH	no_contiguous_four_field_RECT_shape_or_partial_update
src/game/menu_label_templates.c	70	y	setRECT/setWH	no_contiguous_four_field_RECT_shape_or_partial_update
src/game/menu_label_templates.c	77	x	setRECT/setWH	no_contiguous_four_field_RECT_shape_or_partial_update
src/game/menu_label_templates.c	78	y	setRECT/setWH	no_contiguous_four_field_RECT_shape_or_partial_update
src/game/menu_label_templates.c	81	x	setRECT/setWH	no_contiguous_four_field_RECT_shape_or_partial_update
src/game/menu_label_templates.c	82	y	setRECT/setWH	no_contiguous_four_field_RECT_shape_or_partial_update
src/game/menu_label_templates.c	85	x	setRECT/setWH	no_contiguous_four_field_RECT_shape_or_partial_update
src/game/menu_label_templates.c	86	y	setRECT/setWH	no_contiguous_four_field_RECT_shape_or_partial_update
src/game/menu_label_templates.c	94	x	setRECT/setWH	no_contiguous_four_field_RECT_shape_or_partial_update
src/game/menu_label_templates.c	95	y	setRECT/setWH	no_contiguous_four_field_RECT_shape_or_partial_update
src/game/menu_label_templates.c	99	x	setRECT/setWH	no_contiguous_four_field_RECT_shape_or_partial_update
src/game/menu_label_templates.c	100	y	setRECT/setWH	no_contiguous_four_field_RECT_shape_or_partial_update
src/game/menu_label_templates.c	107	x	setRECT/setWH	no_contiguous_four_field_RECT_shape_or_partial_update
src/game/menu_label_templates.c	108	y	setRECT/setWH	no_contiguous_four_field_RECT_shape_or_partial_update
src/game/menu_label_templates.c	115	x	setRECT/setWH	no_contiguous_four_field_RECT_shape_or_partial_update
src/game/menu_label_templates.c	116	y	setRECT/setWH	no_contiguous_four_field_RECT_shape_or_partial_update
src/game/menu_label_templates.c	129	x	setRECT/setWH	no_contiguous_four_field_RECT_shape_or_partial_update
src/game/menu_label_templates.c	130	y	setRECT/setWH	no_contiguous_four_field_RECT_shape_or_partial_update
src/game/menu_label_templates.c	133	x	setRECT/setWH	no_contiguous_four_field_RECT_shape_or_partial_update
src/game/menu_label_templates.c	134	y	setRECT/setWH	no_contiguous_four_field_RECT_shape_or_partial_update
src/game/menu_label_templates.c	142	x	setRECT/setWH	no_contiguous_four_field_RECT_shape_or_partial_update
src/game/menu_label_templates.c	143	y	setRECT/setWH	no_contiguous_four_field_RECT_shape_or_partial_update
src/game/menu_label_templates.c	146	x	setRECT/setWH	no_contiguous_four_field_RECT_shape_or_partial_update
src/game/menu_label_templates.c	147	y	setRECT/setWH	no_contiguous_four_field_RECT_shape_or_partial_update
src/game/menu_location_number.c	112	x	setRECT/setWH	no_contiguous_four_field_RECT_shape_or_partial_update
src/game/menu_location_number.c	113	y	setRECT/setWH	no_contiguous_four_field_RECT_shape_or_partial_update
src/game/menu_pair_rows.c	25	y	setRECT/setWH	no_contiguous_four_field_RECT_shape_or_partial_update
src/game/menu_pair_rows.c	26	y	setRECT/setWH	no_contiguous_four_field_RECT_shape_or_partial_update
src/game/menu_pair_rows.c	30	y	setRECT/setWH	no_contiguous_four_field_RECT_shape_or_partial_update
src/game/menu_pair_rows.c	31	y	setRECT/setWH	no_contiguous_four_field_RECT_shape_or_partial_update
src/game/menu_panel_nine_slice.c	44	tpage	setClut/setTPage	direct_value_or_packed_copy_not_GetClut_or_GetTPage_call
src/game/menu_panel_nine_slice.c	47	clut	setClut/setTPage	direct_value_or_packed_copy_not_GetClut_or_GetTPage_call
src/game/menu_preview_choice.c	18	x	setRECT/setWH	no_contiguous_four_field_RECT_shape_or_partial_update
src/game/menu_preview_choice.c	19	y	setRECT/setWH	no_contiguous_four_field_RECT_shape_or_partial_update
src/game/menu_preview_choice.c	20	x	setRECT/setWH	no_contiguous_four_field_RECT_shape_or_partial_update
src/game/menu_preview_choice.c	21	y	setRECT/setWH	no_contiguous_four_field_RECT_shape_or_partial_update
src/game/menu_transition.c	48	x0	setXY/setUV	single_site_trials_unchanged_combined_trial_changed
src/game/menu_transition.c	49	y0	setXY/setUV	single_site_trials_unchanged_combined_trial_changed
src/game/menu_transition.c	50	x1	setXY/setUV	single_site_trials_unchanged_combined_trial_changed
src/game/menu_transition.c	51	y1	setXY/setUV	single_site_trials_unchanged_combined_trial_changed
src/game/menu_transition.c	52	x2	setXY/setUV	single_site_trials_unchanged_combined_trial_changed
src/game/menu_transition.c	53	y2	setXY/setUV	single_site_trials_unchanged_combined_trial_changed
src/game/menu_transition.c	54	x3	setXY/setUV	single_site_trials_unchanged_combined_trial_changed
src/game/menu_transition.c	55	y3	setXY/setUV	single_site_trials_unchanged_combined_trial_changed
src/game/menu_transition.c	56	u0	setXY/setUV	single_site_trials_unchanged_combined_trial_changed
src/game/menu_transition.c	57	v0	setXY/setUV	single_site_trials_unchanged_combined_trial_changed
src/game/menu_transition.c	58	u1	setXY/setUV	single_site_trials_unchanged_combined_trial_changed
src/game/menu_transition.c	59	v1	setXY/setUV	single_site_trials_unchanged_combined_trial_changed
src/game/menu_transition.c	60	u2	setXY/setUV	single_site_trials_unchanged_combined_trial_changed
src/game/menu_transition.c	61	v2	setXY/setUV	single_site_trials_unchanged_combined_trial_changed
src/game/menu_transition.c	62	u3	setXY/setUV	single_site_trials_unchanged_combined_trial_changed
src/game/menu_transition.c	63	v3	setXY/setUV	single_site_trials_unchanged_combined_trial_changed
src/game/menu_transition.c	64	clut	setClut/setTPage	direct_value_or_packed_copy_not_GetClut_or_GetTPage_call
src/game/menu_transition.c	70	x0	setXY/setUV	single_site_trials_unchanged_combined_trial_changed
src/game/menu_transition.c	71	y0	setXY/setUV	single_site_trials_unchanged_combined_trial_changed
src/game/menu_transition.c	72	x1	setXY/setUV	single_site_trials_unchanged_combined_trial_changed
src/game/menu_transition.c	73	y1	setXY/setUV	single_site_trials_unchanged_combined_trial_changed
src/game/menu_transition.c	74	x2	setXY/setUV	single_site_trials_unchanged_combined_trial_changed
src/game/menu_transition.c	75	y2	setXY/setUV	single_site_trials_unchanged_combined_trial_changed
src/game/menu_transition.c	76	x3	setXY/setUV	single_site_trials_unchanged_combined_trial_changed
src/game/menu_transition.c	77	y3	setXY/setUV	single_site_trials_unchanged_combined_trial_changed
src/game/menu_transition.c	78	u0	setXY/setUV	single_site_trials_unchanged_combined_trial_changed
src/game/menu_transition.c	79	v0	setXY/setUV	single_site_trials_unchanged_combined_trial_changed
src/game/menu_transition.c	80	u1	setXY/setUV	single_site_trials_unchanged_combined_trial_changed
src/game/menu_transition.c	81	v1	setXY/setUV	single_site_trials_unchanged_combined_trial_changed
src/game/menu_transition.c	82	u2	setXY/setUV	single_site_trials_unchanged_combined_trial_changed
src/game/menu_transition.c	83	v2	setXY/setUV	single_site_trials_unchanged_combined_trial_changed
src/game/menu_transition.c	84	u3	setXY/setUV	single_site_trials_unchanged_combined_trial_changed
src/game/menu_transition.c	85	v3	setXY/setUV	single_site_trials_unchanged_combined_trial_changed
src/game/menu_transition.c	86	clut	setClut/setTPage	direct_value_or_packed_copy_not_GetClut_or_GetTPage_call
src/game/menu_transition.c	93	x0	setXY/setUV	single_site_trials_unchanged_combined_trial_changed
src/game/menu_transition.c	94	y0	setXY/setUV	single_site_trials_unchanged_combined_trial_changed
src/game/menu_transition.c	95	x1	setXY/setUV	single_site_trials_unchanged_combined_trial_changed
src/game/menu_transition.c	96	y1	setXY/setUV	single_site_trials_unchanged_combined_trial_changed
src/game/menu_transition.c	97	x2	setXY/setUV	single_site_trials_unchanged_combined_trial_changed
src/game/menu_transition.c	98	y2	setXY/setUV	single_site_trials_unchanged_combined_trial_changed
src/game/menu_transition.c	99	x3	setXY/setUV	single_site_trials_unchanged_combined_trial_changed
src/game/menu_transition.c	100	y3	setXY/setUV	single_site_trials_unchanged_combined_trial_changed
src/game/menu_transition.c	101	u0	setXY/setUV	single_site_trials_unchanged_combined_trial_changed
src/game/menu_transition.c	102	v0	setXY/setUV	single_site_trials_unchanged_combined_trial_changed
src/game/menu_transition.c	103	u1	setXY/setUV	single_site_trials_unchanged_combined_trial_changed
src/game/menu_transition.c	104	v1	setXY/setUV	single_site_trials_unchanged_combined_trial_changed
src/game/menu_transition.c	105	u2	setXY/setUV	single_site_trials_unchanged_combined_trial_changed
src/game/menu_transition.c	106	v2	setXY/setUV	single_site_trials_unchanged_combined_trial_changed
src/game/menu_transition.c	107	u3	setXY/setUV	single_site_trials_unchanged_combined_trial_changed
src/game/menu_transition.c	108	v3	setXY/setUV	single_site_trials_unchanged_combined_trial_changed
src/game/menu_transition.c	116	x0	setXY/setUV	single_site_trials_unchanged_combined_trial_changed
src/game/menu_transition.c	117	y0	setXY/setUV	single_site_trials_unchanged_combined_trial_changed
src/game/menu_transition.c	118	x1	setXY/setUV	single_site_trials_unchanged_combined_trial_changed
src/game/menu_transition.c	119	y1	setXY/setUV	single_site_trials_unchanged_combined_trial_changed
src/game/menu_transition.c	120	x2	setXY/setUV	single_site_trials_unchanged_combined_trial_changed
src/game/menu_transition.c	121	y2	setXY/setUV	single_site_trials_unchanged_combined_trial_changed
src/game/menu_transition.c	122	x3	setXY/setUV	single_site_trials_unchanged_combined_trial_changed
src/game/menu_transition.c	123	y3	setXY/setUV	single_site_trials_unchanged_combined_trial_changed
src/game/menu_transition.c	124	u0	setXY/setUV	single_site_trials_unchanged_combined_trial_changed
src/game/menu_transition.c	125	v0	setXY/setUV	single_site_trials_unchanged_combined_trial_changed
src/game/menu_transition.c	126	u1	setXY/setUV	single_site_trials_unchanged_combined_trial_changed
src/game/menu_transition.c	127	v1	setXY/setUV	single_site_trials_unchanged_combined_trial_changed
src/game/menu_transition.c	128	u2	setXY/setUV	single_site_trials_unchanged_combined_trial_changed
src/game/menu_transition.c	129	v2	setXY/setUV	single_site_trials_unchanged_combined_trial_changed
src/game/menu_transition.c	130	u3	setXY/setUV	single_site_trials_unchanged_combined_trial_changed
src/game/menu_transition.c	131	v3	setXY/setUV	single_site_trials_unchanged_combined_trial_changed
src/game/menu_two_option.c	61	vy	setVector/copyVector/addVector	partial_reordered_or_interleaved_vector_writes
src/game/menu_two_option.c	62	vx	setVector/copyVector/addVector	partial_reordered_or_interleaved_vector_writes
src/game/menu_two_option.c	63	vy	setVector/copyVector/addVector	partial_reordered_or_interleaved_vector_writes
src/game/menu_two_option.c	64	vz	setVector/copyVector/addVector	partial_reordered_or_interleaved_vector_writes
src/game/menu_two_option.c	101	x	setRECT/setWH	no_contiguous_four_field_RECT_shape_or_partial_update
src/game/menu_two_option.c	102	y	setRECT/setWH	no_contiguous_four_field_RECT_shape_or_partial_update
src/game/menu_two_option.c	119	x	setRECT/setWH	no_contiguous_four_field_RECT_shape_or_partial_update
src/game/menu_two_option.c	120	y	setRECT/setWH	no_contiguous_four_field_RECT_shape_or_partial_update
src/game/menu_two_option.c	128	x	setRECT/setWH	no_contiguous_four_field_RECT_shape_or_partial_update
src/game/menu_two_option.c	129	y	setRECT/setWH	no_contiguous_four_field_RECT_shape_or_partial_update
src/game/menu_two_option.c	135	x	setRECT/setWH	no_contiguous_four_field_RECT_shape_or_partial_update
src/game/menu_two_option.c	136	y	setRECT/setWH	no_contiguous_four_field_RECT_shape_or_partial_update
src/game/notification_quad.c	18	x0	setXY/setUV	trial_changed_exact_listing
src/game/notification_quad.c	18	x2	setXY/setUV	trial_changed_exact_listing
src/game/notification_quad.c	19	x1	setXY/setUV	trial_changed_exact_listing
src/game/notification_quad.c	19	x3	setXY/setUV	trial_changed_exact_listing
src/game/notification_quad.c	20	y0	setXY/setUV	trial_changed_exact_listing
src/game/notification_quad.c	20	y1	setXY/setUV	trial_changed_exact_listing
src/game/notification_quad.c	21	y2	setXY/setUV	trial_changed_exact_listing
src/game/notification_quad.c	21	y3	setXY/setUV	trial_changed_exact_listing
src/game/notification_quad.c	22	clut	setClut/setTPage	direct_value_or_packed_copy_not_GetClut_or_GetTPage_call
src/game/notification_quad.c	23	tpage	setClut/setTPage	direct_value_or_packed_copy_not_GetClut_or_GetTPage_call
src/game/notification_quad.c	24	u0	setXY/setUV	trial_changed_exact_listing
src/game/notification_quad.c	24	u2	setXY/setUV	trial_changed_exact_listing
src/game/notification_quad.c	25	u1	setXY/setUV	trial_changed_exact_listing
src/game/notification_quad.c	25	u3	setXY/setUV	trial_changed_exact_listing
src/game/notification_quad.c	26	v0	setXY/setUV	trial_changed_exact_listing
src/game/notification_quad.c	26	v1	setXY/setUV	trial_changed_exact_listing
src/game/notification_quad.c	27	v2	setXY/setUV	trial_changed_exact_listing
src/game/notification_quad.c	27	v3	setXY/setUV	trial_changed_exact_listing
src/game/player_magic_dispatch.c	39	vx	setVector/copyVector/addVector	isolated_trial_setVector
src/game/player_magic_dispatch.c	40	vy	setVector/copyVector/addVector	isolated_trial_setVector
src/game/player_magic_dispatch.c	41	vz	setVector/copyVector/addVector	isolated_trial_setVector
src/game/player_magic_dispatch.c	46	vx	setVector/copyVector/addVector	isolated_trial_setVector
src/game/player_magic_dispatch.c	47	vy	setVector/copyVector/addVector	isolated_trial_setVector
src/game/player_magic_dispatch.c	48	vz	setVector/copyVector/addVector	isolated_trial_setVector
src/game/player_magic_dispatch.c	53	vx	setVector/copyVector/addVector	isolated_trial_setVector
src/game/player_magic_dispatch.c	54	vy	setVector/copyVector/addVector	isolated_trial_setVector
src/game/player_magic_dispatch.c	55	vz	setVector/copyVector/addVector	isolated_trial_setVector
src/game/player_reaction.c	22	vx	setVector/copyVector/addVector	isolated_trial_setVector
src/game/player_reaction.c	24	vy	setVector/copyVector/addVector	isolated_trial_setVector
src/game/player_reaction.c	26	vz	setVector/copyVector/addVector	partial_reordered_or_interleaved_vector_writes
src/game/player_reaction.c	143	vx	setVector/copyVector/addVector	isolated_trial_setVector
src/game/player_reaction.c	144	vy	setVector/copyVector/addVector	isolated_trial_setVector
src/game/player_reaction.c	145	vz	setVector/copyVector/addVector	isolated_trial_setVector
src/game/player_reaction.c	153	vx	setVector/copyVector/addVector	partial_reordered_or_interleaved_vector_writes
src/game/player_reaction.c	154	vz	setVector/copyVector/addVector	partial_reordered_or_interleaved_vector_writes
src/game/player_reaction.c	155	vy	setVector/copyVector/addVector	partial_reordered_or_interleaved_vector_writes
src/game/player_reaction.c	212	vx	setVector/copyVector/addVector	partial_reordered_or_interleaved_vector_writes
src/game/player_reaction.c	222	vx	setVector/copyVector/addVector	partial_reordered_or_interleaved_vector_writes
src/game/player_state_equipment.c	15	vx	setVector/copyVector/addVector	partial_reordered_or_interleaved_vector_writes
src/game/player_state_equipment.c	16	vz	setVector/copyVector/addVector	partial_reordered_or_interleaved_vector_writes
src/game/player_state_equipment.c	17	vy	setVector/copyVector/addVector	partial_reordered_or_interleaved_vector_writes
src/game/player_state_equipment.c	19	vx	setVector/copyVector/addVector	isolated_trial_setVector
src/game/player_state_equipment.c	20	vy	setVector/copyVector/addVector	isolated_trial_setVector
src/game/player_state_equipment.c	21	vz	setVector/copyVector/addVector	isolated_trial_setVector
src/game/player_state_equipment.c	91	vy	setVector/copyVector/addVector	partial_reordered_or_interleaved_vector_writes
src/game/player_state_equipment.c	92	vx	setVector/copyVector/addVector	partial_reordered_or_interleaved_vector_writes
src/game/player_state_equipment.c	93	vz	setVector/copyVector/addVector	partial_reordered_or_interleaved_vector_writes
src/game/player_state_equipment.c	147	vy	setVector/copyVector/addVector	partial_reordered_or_interleaved_vector_writes
src/game/player_state_equipment.c	360	x	setRECT/setWH	no_contiguous_four_field_RECT_shape_or_partial_update
src/game/player_state_equipment.c	361	y	setRECT/setWH	no_contiguous_four_field_RECT_shape_or_partial_update
src/game/player_state_equipment.c	364	vx	setVector/copyVector/addVector	partial_reordered_or_interleaved_vector_writes
src/game/player_state_equipment.c	366	vy	setVector/copyVector/addVector	partial_reordered_or_interleaved_vector_writes
src/game/player_state_equipment.c	367	vz	setVector/copyVector/addVector	partial_reordered_or_interleaved_vector_writes
src/game/player_state_equipment.c	384	x	setRECT/setWH	no_contiguous_four_field_RECT_shape_or_partial_update
src/game/player_state_equipment.c	385	y	setRECT/setWH	no_contiguous_four_field_RECT_shape_or_partial_update
src/game/player_weapon_transform_power.c	12	x	setRECT/setWH	no_contiguous_four_field_RECT_shape_or_partial_update
src/game/player_weapon_transform_power.c	14	y	setRECT/setWH	no_contiguous_four_field_RECT_shape_or_partial_update
src/game/player_weapon_transform_power.c	20	vx	setVector/copyVector/addVector	partial_reordered_or_interleaved_vector_writes
src/game/player_weapon_transform_power.c	21	vy	setVector/copyVector/addVector	partial_reordered_or_interleaved_vector_writes
src/game/player_weapon_transform_power.c	22	vz	setVector/copyVector/addVector	partial_reordered_or_interleaved_vector_writes
src/game/player_weapon_transform_power.c	24	vx	setVector/copyVector/addVector	partial_reordered_or_interleaved_vector_writes
src/game/player_weapon_transform_power.c	25	vz	setVector/copyVector/addVector	partial_reordered_or_interleaved_vector_writes
src/game/player_weapon_transform_power.c	30	vy	setVector/copyVector/addVector	partial_reordered_or_interleaved_vector_writes
src/game/primitive_buffer.c	35	x	setRECT/setWH	no_contiguous_four_field_RECT_shape_or_partial_update
src/game/primitive_buffer.c	36	y	setRECT/setWH	no_contiguous_four_field_RECT_shape_or_partial_update
src/game/render_frame.c	82	vy	setVector/copyVector/addVector	partial_reordered_or_interleaved_vector_writes
src/game/render_frame.c	84	vx	setVector/copyVector/addVector	partial_reordered_or_interleaved_vector_writes
src/game/render_frame.c	91	vx	setVector/copyVector/addVector	partial_reordered_or_interleaved_vector_writes
src/game/render_frame.c	92	vx	setVector/copyVector/addVector	partial_reordered_or_interleaved_vector_writes
src/game/render_map.c	60	clut	setClut/setTPage	direct_value_or_packed_copy_not_GetClut_or_GetTPage_call
src/game/render_map.c	61	tpage	setClut/setTPage	direct_value_or_packed_copy_not_GetClut_or_GetTPage_call
src/game/render_map.c	77	code	setcode/setPoly	full_listing_identical_trial
src/game/render_map.c	103	clut	setClut/setTPage	direct_value_or_packed_copy_not_GetClut_or_GetTPage_call
src/game/render_map.c	104	tpage	setClut/setTPage	direct_value_or_packed_copy_not_GetClut_or_GetTPage_call
src/game/render_map.c	117	code	setcode/setPoly	full_listing_identical_trial
src/game/render_map.c	174	clut	setClut/setTPage	direct_value_or_packed_copy_not_GetClut_or_GetTPage_call
src/game/render_map.c	175	tpage	setClut/setTPage	direct_value_or_packed_copy_not_GetClut_or_GetTPage_call
src/game/render_map.c	186	code	setcode/setPoly	full_listing_identical_trial
src/game/render_map.c	309	clut	setClut/setTPage	direct_value_or_packed_copy_not_GetClut_or_GetTPage_call
src/game/render_map.c	310	tpage	setClut/setTPage	direct_value_or_packed_copy_not_GetClut_or_GetTPage_call
src/game/render_map.c	326	code	setcode/setPoly	full_listing_identical_trial
src/game/render_map.c	384	clut	setClut/setTPage	direct_value_or_packed_copy_not_GetClut_or_GetTPage_call
src/game/render_map.c	385	tpage	setClut/setTPage	direct_value_or_packed_copy_not_GetClut_or_GetTPage_call
src/game/render_map.c	398	code	setcode/setPoly	full_listing_identical_trial
src/game/render_map_cell.c	91	vx	setVector/copyVector/addVector	partial_reordered_or_interleaved_vector_writes
src/game/render_map_cell.c	94	vz	setVector/copyVector/addVector	partial_reordered_or_interleaved_vector_writes
src/game/render_map_cell.c	97	vy	setVector/copyVector/addVector	partial_reordered_or_interleaved_vector_writes
src/game/render_map_cell.c	103	vy	setVector/copyVector/addVector	partial_reordered_or_interleaved_vector_writes
src/game/render_map_cell.c	110	vx	setVector/copyVector/addVector	partial_reordered_or_interleaved_vector_writes
src/game/render_map_cell.c	113	vz	setVector/copyVector/addVector	partial_reordered_or_interleaved_vector_writes
src/game/render_map_cell.c	116	vy	setVector/copyVector/addVector	partial_reordered_or_interleaved_vector_writes
src/game/render_world_model.c	40	vx	setVector/copyVector/addVector	isolated_trial_setVector
src/game/render_world_model.c	42	vy	setVector/copyVector/addVector	isolated_trial_setVector
src/game/render_world_model.c	44	vz	setVector/copyVector/addVector	partial_reordered_or_interleaved_vector_writes
src/game/render_world_model.c	76	vx	setVector/copyVector/addVector	isolated_trial_copyVector
src/game/render_world_model.c	77	vy	setVector/copyVector/addVector	isolated_trial_copyVector
src/game/render_world_model.c	78	vz	setVector/copyVector/addVector	isolated_trial_copyVector
src/game/tmd_pipeline.c	128	x	setRECT/setWH	no_contiguous_four_field_RECT_shape_or_partial_update
src/game/tmd_pipeline.c	129	y	setRECT/setWH	no_contiguous_four_field_RECT_shape_or_partial_update
src/game/tmd_pipeline.c	150	x	setRECT/setWH	no_contiguous_four_field_RECT_shape_or_partial_update
src/game/tmd_pipeline.c	151	y	setRECT/setWH	no_contiguous_four_field_RECT_shape_or_partial_update
src/game/tmd_pipeline.c	223	clut	setClut/setTPage	direct_value_or_packed_copy_not_GetClut_or_GetTPage_call
src/game/tmd_pipeline.c	224	tpage	setClut/setTPage	direct_value_or_packed_copy_not_GetClut_or_GetTPage_call
src/game/tmd_pipeline.c	225	x0	setXY/setUV	packed_word_or_halfword_transfer
src/game/tmd_pipeline.c	226	x1	setXY/setUV	packed_word_or_halfword_transfer
src/game/tmd_pipeline.c	227	x2	setXY/setUV	packed_word_or_halfword_transfer
src/game/tmd_pipeline.c	228	u0	setXY/setUV	packed_word_or_halfword_transfer
src/game/tmd_pipeline.c	229	u1	setXY/setUV	packed_word_or_halfword_transfer
src/game/tmd_pipeline.c	230	u2	setXY/setUV	packed_word_or_halfword_transfer
src/game/tmd_pipeline.c	236	code	setcode/setPoly	full_listing_identical_trial
src/game/tmd_pipeline.c	258	clut	setClut/setTPage	direct_value_or_packed_copy_not_GetClut_or_GetTPage_call
src/game/tmd_pipeline.c	259	tpage	setClut/setTPage	direct_value_or_packed_copy_not_GetClut_or_GetTPage_call
src/game/tmd_pipeline.c	273	code	setcode/setPoly	full_listing_identical_trial
src/game/tmd_pipeline.c	296	clut	setClut/setTPage	direct_value_or_packed_copy_not_GetClut_or_GetTPage_call
src/game/tmd_pipeline.c	297	tpage	setClut/setTPage	direct_value_or_packed_copy_not_GetClut_or_GetTPage_call
src/game/tmd_pipeline.c	316	code	setcode/setPoly	full_listing_identical_trial
src/game/tmd_pipeline.c	339	clut	setClut/setTPage	direct_value_or_packed_copy_not_GetClut_or_GetTPage_call
src/game/tmd_pipeline.c	340	tpage	setClut/setTPage	direct_value_or_packed_copy_not_GetClut_or_GetTPage_call
src/game/tmd_pipeline.c	341	x0	setXY/setUV	packed_word_or_halfword_transfer
src/game/tmd_pipeline.c	342	x1	setXY/setUV	packed_word_or_halfword_transfer
src/game/tmd_pipeline.c	343	x2	setXY/setUV	packed_word_or_halfword_transfer
src/game/tmd_pipeline.c	344	x3	setXY/setUV	packed_word_or_halfword_transfer
src/game/tmd_pipeline.c	345	u0	setXY/setUV	packed_word_or_halfword_transfer
src/game/tmd_pipeline.c	346	u1	setXY/setUV	packed_word_or_halfword_transfer
src/game/tmd_pipeline.c	347	u2	setXY/setUV	packed_word_or_halfword_transfer
src/game/tmd_pipeline.c	348	u3	setXY/setUV	packed_word_or_halfword_transfer
src/game/tmd_pipeline.c	354	code	setcode/setPoly	full_listing_identical_trial
src/game/tmd_pipeline.c	409	clut	setClut/setTPage	direct_value_or_packed_copy_not_GetClut_or_GetTPage_call
src/game/tmd_pipeline.c	410	tpage	setClut/setTPage	direct_value_or_packed_copy_not_GetClut_or_GetTPage_call
src/game/tmd_pipeline.c	411	x0	setXY/setUV	packed_word_or_halfword_transfer
src/game/tmd_pipeline.c	412	x1	setXY/setUV	packed_word_or_halfword_transfer
src/game/tmd_pipeline.c	413	x2	setXY/setUV	packed_word_or_halfword_transfer
src/game/tmd_pipeline.c	414	u0	setXY/setUV	packed_word_or_halfword_transfer
src/game/tmd_pipeline.c	415	u1	setXY/setUV	packed_word_or_halfword_transfer
src/game/tmd_pipeline.c	416	u2	setXY/setUV	packed_word_or_halfword_transfer
src/game/tmd_pipeline.c	422	code	setcode/setPoly	full_listing_identical_trial
src/game/tmd_pipeline.c	444	clut	setClut/setTPage	direct_value_or_packed_copy_not_GetClut_or_GetTPage_call
src/game/tmd_pipeline.c	445	tpage	setClut/setTPage	direct_value_or_packed_copy_not_GetClut_or_GetTPage_call
src/game/tmd_pipeline.c	459	code	setcode/setPoly	full_listing_identical_trial
src/game/tmd_pipeline.c	482	clut	setClut/setTPage	direct_value_or_packed_copy_not_GetClut_or_GetTPage_call
src/game/tmd_pipeline.c	483	tpage	setClut/setTPage	direct_value_or_packed_copy_not_GetClut_or_GetTPage_call
src/game/tmd_pipeline.c	502	code	setcode/setPoly	full_listing_identical_trial
src/game/tmd_pipeline.c	525	clut	setClut/setTPage	direct_value_or_packed_copy_not_GetClut_or_GetTPage_call
src/game/tmd_pipeline.c	526	tpage	setClut/setTPage	direct_value_or_packed_copy_not_GetClut_or_GetTPage_call
src/game/tmd_pipeline.c	527	x0	setXY/setUV	packed_word_or_halfword_transfer
src/game/tmd_pipeline.c	528	x1	setXY/setUV	packed_word_or_halfword_transfer
src/game/tmd_pipeline.c	529	x2	setXY/setUV	packed_word_or_halfword_transfer
src/game/tmd_pipeline.c	530	x3	setXY/setUV	packed_word_or_halfword_transfer
src/game/tmd_pipeline.c	531	u0	setXY/setUV	packed_word_or_halfword_transfer
src/game/tmd_pipeline.c	532	u1	setXY/setUV	packed_word_or_halfword_transfer
src/game/tmd_pipeline.c	533	u2	setXY/setUV	packed_word_or_halfword_transfer
src/game/tmd_pipeline.c	534	u3	setXY/setUV	packed_word_or_halfword_transfer
src/game/tmd_pipeline.c	540	code	setcode/setPoly	full_listing_identical_trial
src/game/tmd_pipeline.c	596	clut	setClut/setTPage	direct_value_or_packed_copy_not_GetClut_or_GetTPage_call
src/game/tmd_pipeline.c	597	tpage	setClut/setTPage	direct_value_or_packed_copy_not_GetClut_or_GetTPage_call
src/game/tmd_pipeline.c	611	code	setcode/setPoly	full_listing_identical_trial
src/game/tmd_pipeline.c	631	clut	setClut/setTPage	direct_value_or_packed_copy_not_GetClut_or_GetTPage_call
src/game/tmd_pipeline.c	632	tpage	setClut/setTPage	direct_value_or_packed_copy_not_GetClut_or_GetTPage_call
src/game/tmd_pipeline.c	651	code	setcode/setPoly	full_listing_identical_trial
src/game/tmd_pipeline.c	670	x0	setXY/setUV	packed_word_or_halfword_transfer
src/game/tmd_pipeline.c	671	x1	setXY/setUV	packed_word_or_halfword_transfer
src/game/tmd_pipeline.c	672	x2	setXY/setUV	packed_word_or_halfword_transfer
src/game/tmd_pipeline.c	680	code	setcode/setPoly	full_listing_identical_trial
src/game/tmd_pipeline.c	700	x0	setXY/setUV	packed_word_or_halfword_transfer
src/game/tmd_pipeline.c	701	x1	setXY/setUV	packed_word_or_halfword_transfer
src/game/tmd_pipeline.c	702	x2	setXY/setUV	packed_word_or_halfword_transfer
src/game/tmd_pipeline.c	703	x3	setXY/setUV	packed_word_or_halfword_transfer
src/game/tmd_pipeline.c	714	code	setcode/setPoly	full_listing_identical_trial
src/game/vector_actor_helpers.c	7	y	setRECT/setWH	no_contiguous_four_field_RECT_shape_or_partial_update
src/game/vector_actor_helpers.c	8	x	setRECT/setWH	no_contiguous_four_field_RECT_shape_or_partial_update
src/game/vector_math.c	42	x	setRECT/setWH	no_contiguous_four_field_RECT_shape_or_partial_update
src/game/vector_math.c	81	vx	setVector/copyVector/addVector	partial_reordered_or_interleaved_vector_writes
src/game/vector_math.c	82	vz	setVector/copyVector/addVector	partial_reordered_or_interleaved_vector_writes
src/game/world_translate.c	17	vx	setVector/copyVector/addVector	scalar_component_increments_no_vector_operand
src/game/world_translate.c	18	vz	setVector/copyVector/addVector	scalar_component_increments_no_vector_operand
src/game/world_translate.c	19	vy	setVector/copyVector/addVector	scalar_component_increments_no_vector_operand
src/game/world_translate.c	25	vx	setVector/copyVector/addVector	scalar_component_increments_no_vector_operand
src/game/world_translate.c	26	vz	setVector/copyVector/addVector	scalar_component_increments_no_vector_operand
src/game/world_translate.c	27	vy	setVector/copyVector/addVector	scalar_component_increments_no_vector_operand
src/game/world_translate.c	36	vx	setVector/copyVector/addVector	scalar_component_increments_no_vector_operand
src/game/world_translate.c	37	vz	setVector/copyVector/addVector	scalar_component_increments_no_vector_operand
src/game/world_translate.c	38	vy	setVector/copyVector/addVector	scalar_component_increments_no_vector_operand
src/game/world_translate.c	47	vx	setVector/copyVector/addVector	scalar_component_increments_no_vector_operand
src/game/world_translate.c	48	vz	setVector/copyVector/addVector	scalar_component_increments_no_vector_operand
src/game/world_translate.c	49	vy	setVector/copyVector/addVector	scalar_component_increments_no_vector_operand
src/lib/movie_stream.c	60	x	setRECT/setWH	no_contiguous_four_field_RECT_shape_or_partial_update
src/lib/movie_stream.c	66	x	setRECT/setWH	no_contiguous_four_field_RECT_shape_or_partial_update
src/lib/movie_stream.c	67	y	setRECT/setWH	no_contiguous_four_field_RECT_shape_or_partial_update
src/lib/movie_stream.c	124	x	setRECT/setWH	no_contiguous_four_field_RECT_shape_or_partial_update
src/lib/movie_stream.c	125	y	setRECT/setWH	no_contiguous_four_field_RECT_shape_or_partial_update
src/open/main.c	115	x	setRECT/setWH	setRECT_trial_changed_exact_listing
src/open/main.c	115	y	setRECT/setWH	setRECT_trial_changed_exact_listing
src/open/main.c	116	w	setRECT/setWH	setRECT_trial_changed_exact_listing
src/open/main.c	117	h	setRECT/setWH	setRECT_trial_changed_exact_listing
src/open/main.c	139	clut	setClut/setTPage	direct_value_or_packed_copy_not_GetClut_or_GetTPage_call
src/open/title.c	123	clut	setClut/setTPage	direct_value_or_packed_copy_not_GetClut_or_GetTPage_call
src/open/title.c	149	clut	setClut/setTPage	direct_value_or_packed_copy_not_GetClut_or_GetTPage_call
