header	line	name	kind	source_name_sites	preprocessor_sites	field_write_candidates	literal_collisions	decision
ABS.H	9	_ABS_H	object	0	0	0	0	no_lexical_candidate
ABS.H	12	abs	function	3	0	0	0	source_name_present_see_site_ledger
ASM.H	8	_ASM_H	object	0	0	0	0	no_lexical_candidate
ASM.H	10	R0	object	0	0	0	0	no_lexical_candidate
ASM.H	11	R1	object	0	0	0	0	no_lexical_candidate
ASM.H	12	R2	object	0	0	0	0	no_lexical_candidate
ASM.H	13	R3	object	0	0	0	0	no_lexical_candidate
ASM.H	14	R4	object	0	0	0	0	no_lexical_candidate
ASM.H	15	R5	object	0	0	0	0	no_lexical_candidate
ASM.H	16	R6	object	0	0	0	0	no_lexical_candidate
ASM.H	17	R7	object	0	0	0	0	no_lexical_candidate
ASM.H	18	R8	object	0	0	0	0	no_lexical_candidate
ASM.H	19	R9	object	0	0	0	0	no_lexical_candidate
ASM.H	20	R10	object	0	0	0	0	no_lexical_candidate
ASM.H	21	R11	object	0	0	0	0	no_lexical_candidate
ASM.H	22	R12	object	0	0	0	0	no_lexical_candidate
ASM.H	23	R13	object	0	0	0	0	no_lexical_candidate
ASM.H	24	R14	object	0	0	0	0	no_lexical_candidate
ASM.H	25	R15	object	0	0	0	0	no_lexical_candidate
ASM.H	26	R16	object	0	0	0	0	no_lexical_candidate
ASM.H	27	R17	object	0	0	0	0	no_lexical_candidate
ASM.H	28	R18	object	0	0	0	0	no_lexical_candidate
ASM.H	29	R19	object	0	0	0	0	no_lexical_candidate
ASM.H	30	R20	object	0	0	0	0	no_lexical_candidate
ASM.H	31	R21	object	0	0	0	0	no_lexical_candidate
ASM.H	32	R22	object	0	0	0	0	no_lexical_candidate
ASM.H	33	R23	object	0	0	0	0	no_lexical_candidate
ASM.H	34	R24	object	0	0	0	0	no_lexical_candidate
ASM.H	35	R25	object	0	0	0	0	no_lexical_candidate
ASM.H	36	R26	object	0	0	0	0	no_lexical_candidate
ASM.H	37	R27	object	0	0	0	0	no_lexical_candidate
ASM.H	38	R28	object	0	0	0	0	no_lexical_candidate
ASM.H	39	R29	object	0	0	0	0	no_lexical_candidate
ASM.H	40	R30	object	0	0	0	0	no_lexical_candidate
ASM.H	41	R31	object	0	0	0	0	no_lexical_candidate
ASM.H	44	zero	object	0	0	0	0	no_lexical_candidate
ASM.H	45	AT	object	0	0	0	0	no_lexical_candidate
ASM.H	46	v0	object	6	0	0	0	source_name_present_see_site_ledger
ASM.H	47	v1	object	6	0	0	0	source_name_present_see_site_ledger
ASM.H	48	a0	object	0	0	0	0	no_lexical_candidate
ASM.H	49	a1	object	0	0	0	0	no_lexical_candidate
ASM.H	50	a2	object	0	0	0	0	no_lexical_candidate
ASM.H	51	a3	object	0	0	0	0	no_lexical_candidate
ASM.H	52	t0	object	0	0	0	0	no_lexical_candidate
ASM.H	53	t1	object	0	0	0	0	no_lexical_candidate
ASM.H	54	t2	object	0	0	0	0	no_lexical_candidate
ASM.H	55	t3	object	0	0	0	0	no_lexical_candidate
ASM.H	56	t4	object	0	0	0	0	no_lexical_candidate
ASM.H	57	t5	object	0	0	0	0	no_lexical_candidate
ASM.H	58	t6	object	0	0	0	0	no_lexical_candidate
ASM.H	59	t7	object	0	0	0	0	no_lexical_candidate
ASM.H	60	s0	object	0	0	0	0	no_lexical_candidate
ASM.H	61	s1	object	0	0	0	0	no_lexical_candidate
ASM.H	62	s2	object	0	0	0	0	no_lexical_candidate
ASM.H	63	s3	object	0	0	0	0	no_lexical_candidate
ASM.H	64	s4	object	0	0	0	0	no_lexical_candidate
ASM.H	65	s5	object	0	0	0	0	no_lexical_candidate
ASM.H	66	s6	object	0	0	0	0	no_lexical_candidate
ASM.H	67	s7	object	0	0	0	0	no_lexical_candidate
ASM.H	68	t8	object	0	0	0	0	no_lexical_candidate
ASM.H	69	t9	object	0	0	0	0	no_lexical_candidate
ASM.H	70	k0	object	0	0	0	0	no_lexical_candidate
ASM.H	71	k1	object	0	0	0	0	no_lexical_candidate
ASM.H	72	gp	object	0	0	0	0	no_lexical_candidate
ASM.H	73	sp	object	0	0	0	0	no_lexical_candidate
ASM.H	74	fp	object	0	0	0	0	no_lexical_candidate
ASM.H	75	ra	object	0	0	0	0	no_lexical_candidate
ASM.H	80	R_R0	object	0	0	0	3349	literal_collision_no_macro_provenance
ASM.H	81	R_R1	object	0	0	0	1648	literal_collision_no_macro_provenance
ASM.H	82	R_R2	object	0	0	0	496	literal_collision_no_macro_provenance
ASM.H	83	R_R3	object	0	0	0	226	literal_collision_no_macro_provenance
ASM.H	84	R_R4	object	0	0	0	153	literal_collision_no_macro_provenance
ASM.H	85	R_R5	object	0	0	0	103	literal_collision_no_macro_provenance
ASM.H	86	R_R6	object	0	0	0	73	literal_collision_no_macro_provenance
ASM.H	87	R_R7	object	0	0	0	73	literal_collision_no_macro_provenance
ASM.H	88	R_R8	object	0	0	0	75	literal_collision_no_macro_provenance
ASM.H	89	R_R9	object	0	0	0	29	literal_collision_no_macro_provenance
ASM.H	90	R_R10	object	0	0	0	75	literal_collision_no_macro_provenance
ASM.H	91	R_R11	object	0	0	0	56	literal_collision_no_macro_provenance
ASM.H	92	R_R12	object	0	0	0	128	literal_collision_no_macro_provenance
ASM.H	93	R_R13	object	0	0	0	21	literal_collision_no_macro_provenance
ASM.H	94	R_R14	object	0	0	0	26	literal_collision_no_macro_provenance
ASM.H	95	R_R15	object	0	0	0	52	literal_collision_no_macro_provenance
ASM.H	96	R_R16	object	0	0	0	102	literal_collision_no_macro_provenance
ASM.H	97	R_R17	object	0	0	0	22	literal_collision_no_macro_provenance
ASM.H	98	R_R18	object	0	0	0	21	literal_collision_no_macro_provenance
ASM.H	99	R_R19	object	0	0	0	35	literal_collision_no_macro_provenance
ASM.H	100	R_R20	object	0	0	0	49	literal_collision_no_macro_provenance
ASM.H	101	R_R21	object	0	0	0	5	literal_collision_no_macro_provenance
ASM.H	102	R_R22	object	0	0	0	5	literal_collision_no_macro_provenance
ASM.H	103	R_R23	object	0	0	0	4	literal_collision_no_macro_provenance
ASM.H	104	R_R24	object	0	0	0	28	literal_collision_no_macro_provenance
ASM.H	105	R_R25	object	0	0	0	15	literal_collision_no_macro_provenance
ASM.H	106	R_R26	object	0	0	0	8	literal_collision_no_macro_provenance
ASM.H	107	R_R27	object	0	0	0	14	literal_collision_no_macro_provenance
ASM.H	108	R_R28	object	0	0	0	19	literal_collision_no_macro_provenance
ASM.H	109	R_R29	object	0	0	0	4	literal_collision_no_macro_provenance
ASM.H	110	R_R30	object	0	0	0	11	literal_collision_no_macro_provenance
ASM.H	111	R_R31	object	0	0	0	5	literal_collision_no_macro_provenance
ASM.H	112	R_EPC	object	0	0	0	79	literal_collision_no_macro_provenance
ASM.H	113	R_MDHI	object	0	0	0	14	literal_collision_no_macro_provenance
ASM.H	114	R_MDLO	object	0	0	0	7	literal_collision_no_macro_provenance
ASM.H	115	R_SR	object	0	0	0	4	literal_collision_no_macro_provenance
ASM.H	116	R_CAUSE	object	0	0	0	19	literal_collision_no_macro_provenance
ASM.H	117	NREGS	object	0	0	0	37	literal_collision_no_macro_provenance
ASM.H	122	R_ZERO	object	0	0	0	0	no_lexical_candidate
ASM.H	123	R_AT	object	0	0	0	0	no_lexical_candidate
ASM.H	124	R_V0	object	0	0	0	0	no_lexical_candidate
ASM.H	125	R_V1	object	0	0	0	0	no_lexical_candidate
ASM.H	126	R_A0	object	0	0	0	0	no_lexical_candidate
ASM.H	127	R_A1	object	0	0	0	0	no_lexical_candidate
ASM.H	128	R_A2	object	0	0	0	0	no_lexical_candidate
ASM.H	129	R_A3	object	0	0	0	0	no_lexical_candidate
ASM.H	130	R_T0	object	0	0	0	0	no_lexical_candidate
ASM.H	131	R_T1	object	0	0	0	0	no_lexical_candidate
ASM.H	132	R_T2	object	0	0	0	0	no_lexical_candidate
ASM.H	133	R_T3	object	0	0	0	0	no_lexical_candidate
ASM.H	134	R_T4	object	0	0	0	0	no_lexical_candidate
ASM.H	135	R_T5	object	0	0	0	0	no_lexical_candidate
ASM.H	136	R_T6	object	0	0	0	0	no_lexical_candidate
ASM.H	137	R_T7	object	0	0	0	0	no_lexical_candidate
ASM.H	138	R_S0	object	0	0	0	0	no_lexical_candidate
ASM.H	139	R_S1	object	0	0	0	0	no_lexical_candidate
ASM.H	140	R_S2	object	0	0	0	0	no_lexical_candidate
ASM.H	141	R_S3	object	0	0	0	0	no_lexical_candidate
ASM.H	142	R_S4	object	0	0	0	0	no_lexical_candidate
ASM.H	143	R_S5	object	0	0	0	0	no_lexical_candidate
ASM.H	144	R_S6	object	0	0	0	0	no_lexical_candidate
ASM.H	145	R_S7	object	0	0	0	0	no_lexical_candidate
ASM.H	146	R_T8	object	0	0	0	0	no_lexical_candidate
ASM.H	147	R_T9	object	0	0	0	0	no_lexical_candidate
ASM.H	148	R_K0	object	0	0	0	0	no_lexical_candidate
ASM.H	149	R_K1	object	0	0	0	0	no_lexical_candidate
ASM.H	150	R_GP	object	0	0	0	0	no_lexical_candidate
ASM.H	151	R_SP	object	0	0	0	0	no_lexical_candidate
ASM.H	152	R_FP	object	0	0	0	0	no_lexical_candidate
ASM.H	153	R_RA	object	0	0	0	0	no_lexical_candidate
ASSERT.H	9	_ASSERT_H	object	0	0	0	0	no_lexical_candidate
ASSERT.H	13	_assert	function	0	0	0	0	no_lexical_candidate
ASSERT.H	14	assert	function	0	0	0	0	no_lexical_candidate
ASSERT.H	18	_assert	function	0	0	0	0	no_lexical_candidate
ASSERT.H	19	assert	function	0	0	0	0	no_lexical_candidate
CONVERT.H	8	_CONVERT_H	object	0	0	0	0	no_lexical_candidate
CTYPE.H	10	_CTYPE_H	object	0	0	0	0	no_lexical_candidate
CTYPE.H	12	_U	object	0	0	0	1648	literal_collision_no_macro_provenance
CTYPE.H	13	_L	object	0	0	0	496	literal_collision_no_macro_provenance
CTYPE.H	14	_N	object	0	0	0	153	literal_collision_no_macro_provenance
CTYPE.H	15	_S	object	0	0	0	0	no_lexical_candidate
CTYPE.H	17	_P	object	0	0	0	102	literal_collision_no_macro_provenance
CTYPE.H	18	_C	object	0	0	0	79	literal_collision_no_macro_provenance
CTYPE.H	19	_X	object	0	0	0	62	literal_collision_no_macro_provenance
CTYPE.H	20	_B	object	0	0	0	57	literal_collision_no_macro_provenance
CTYPE.H	25	isalpha	function	0	0	0	0	no_lexical_candidate
CTYPE.H	26	isupper	function	0	0	0	0	no_lexical_candidate
CTYPE.H	27	islower	function	0	0	0	0	no_lexical_candidate
CTYPE.H	28	isdigit	function	0	0	0	0	no_lexical_candidate
CTYPE.H	29	isxdigit	function	0	0	0	0	no_lexical_candidate
CTYPE.H	30	isspace	function	0	0	0	0	no_lexical_candidate
CTYPE.H	31	ispunct	function	0	0	0	0	no_lexical_candidate
CTYPE.H	32	isalnum	function	0	0	0	0	no_lexical_candidate
CTYPE.H	33	isprint	function	0	0	0	0	no_lexical_candidate
CTYPE.H	34	isgraph	function	0	0	0	0	no_lexical_candidate
CTYPE.H	35	iscntrl	function	0	0	0	0	no_lexical_candidate
CTYPE.H	36	isascii	function	0	0	0	0	no_lexical_candidate
CTYPE.H	37	toascii	function	0	0	0	0	no_lexical_candidate
CTYPE.H	38	_toupper	function	0	0	0	0	no_lexical_candidate
CTYPE.H	39	_tolower	function	0	0	0	0	no_lexical_candidate
CTYPE.H	44	_CTYPE_C	object	0	0	0	0	no_lexical_candidate
FS.H	9	_FS_H	object	0	0	0	0	no_lexical_candidate
FS.H	11	EXSTKSZ	object	0	0	0	26	literal_collision_no_macro_provenance
FS.H	29	DTTYPE_CHAR	object	0	0	0	1648	literal_collision_no_macro_provenance
FS.H	30	DTTYPE_CONS	object	0	0	0	496	literal_collision_no_macro_provenance
FS.H	31	DTTYPE_BLOCK	object	0	0	0	153	literal_collision_no_macro_provenance
FS.H	32	DTTYPE_RAW	object	0	0	0	75	literal_collision_no_macro_provenance
FS.H	35	DTFS_NONE	object	0	0	0	3349	literal_collision_no_macro_provenance
FS.H	36	DTFS_BFS	object	0	0	0	1648	literal_collision_no_macro_provenance
FS.H	37	DTFS_DVH	object	0	0	0	496	literal_collision_no_macro_provenance
FS.H	38	DTFS_TPD	object	0	0	0	226	literal_collision_no_macro_provenance
FS.H	39	DTFS_NCP	object	0	0	0	153	literal_collision_no_macro_provenance
FS.H	40	DTFS_BSD42	object	0	0	0	103	literal_collision_no_macro_provenance
FS.H	41	DTFS_SYSV	object	0	0	0	73	literal_collision_no_macro_provenance
FS.H	42	DTFS_BOOTP	object	0	0	0	73	literal_collision_no_macro_provenance
FS.H	43	DTFS_EFS	object	0	0	0	75	literal_collision_no_macro_provenance
FS.H	44	DTFS_AUTO	object	0	0	0	0	no_lexical_candidate
FS.H	59	DB_RAW	object	0	0	0	1648	literal_collision_no_macro_provenance
FS.H	60	DB_STOPPED	object	0	0	0	496	literal_collision_no_macro_provenance
FS.H	63	CBUFSIZE	object	0	0	0	26	literal_collision_no_macro_provenance
FS.H	75	CIRC_EMPTY	function	0	0	0	0	no_lexical_candidate
FS.H	76	CIRC_FLUSH	function	0	0	0	0	no_lexical_candidate
FS.H	77	CIRC_STOPPED	function	0	0	0	0	no_lexical_candidate
FS.H	79	IOB_INODE	object	0	0	0	5	literal_collision_no_macro_provenance
FS.H	80	IOB_FS	object	0	0	0	0	no_lexical_candidate
FS.H	106	NULL	object	63	2	0	3349	source_name_present_see_site_ledger
FS.H	110	F_READ	object	0	0	0	1648	literal_collision_no_macro_provenance
FS.H	111	F_WRITE	object	0	0	0	496	literal_collision_no_macro_provenance
FS.H	112	F_NBLOCK	object	0	0	0	153	literal_collision_no_macro_provenance
FS.H	113	F_SCAN	object	0	0	0	75	literal_collision_no_macro_provenance
FS.H	116	READ	object	0	0	0	1648	literal_collision_no_macro_provenance
FS.H	117	WRITE	object	0	0	0	496	literal_collision_no_macro_provenance
FS.H	119	DEVIOCTL	function	0	0	0	0	no_lexical_candidate
FS.H	120	DEVREAD	function	0	0	0	0	no_lexical_candidate
FS.H	121	DEVWRITE	function	0	0	0	0	no_lexical_candidate
FS.H	123	NIOB	object	0	0	0	153	literal_collision_no_macro_provenance
FS.H	124	NBUF	object	0	0	0	153	literal_collision_no_macro_provenance
FS.H	127	ASSERT	function	0	0	0	0	no_lexical_candidate
FS.H	129	ASSERT	function	0	0	0	0	no_lexical_candidate
KERNEL.H	5	_KERNEL_H	object	0	0	0	0	no_lexical_candidate
KERNEL.H	15	DescMask	object	0	0	0	0	no_lexical_candidate
KERNEL.H	16	DescTH	object	0	0	0	0	no_lexical_candidate
KERNEL.H	17	DescHW	object	0	0	0	0	no_lexical_candidate
KERNEL.H	18	DescEV	object	0	0	0	0	no_lexical_candidate
KERNEL.H	19	DescRC	object	0	0	0	0	no_lexical_candidate
KERNEL.H	20	DescUEV	object	0	0	0	0	no_lexical_candidate
KERNEL.H	21	DescSW	object	0	0	0	0	no_lexical_candidate
KERNEL.H	23	HwVBLANK	object	0	0	0	0	no_lexical_candidate
KERNEL.H	24	HwGPU	object	0	0	0	0	no_lexical_candidate
KERNEL.H	25	HwCdRom	object	0	0	0	0	no_lexical_candidate
KERNEL.H	26	HwDMAC	object	0	0	0	0	no_lexical_candidate
KERNEL.H	27	HwRTC0	object	0	0	0	0	no_lexical_candidate
KERNEL.H	28	HwRTC1	object	0	0	0	0	no_lexical_candidate
KERNEL.H	29	HwRTC2	object	0	0	0	0	no_lexical_candidate
KERNEL.H	30	HwCNTL	object	0	0	0	0	no_lexical_candidate
KERNEL.H	31	HwSPU	object	0	0	0	0	no_lexical_candidate
KERNEL.H	32	HwPIO	object	0	0	0	0	no_lexical_candidate
KERNEL.H	33	HwSIO	object	0	0	0	0	no_lexical_candidate
KERNEL.H	35	HwCPU	object	0	0	0	0	no_lexical_candidate
KERNEL.H	36	HwCARD	object	0	0	0	0	no_lexical_candidate
KERNEL.H	37	HwCARD_0	object	0	0	0	0	no_lexical_candidate
KERNEL.H	38	HwCARD_1	object	0	0	0	0	no_lexical_candidate
KERNEL.H	39	SwCARD	object	0	0	0	0	no_lexical_candidate
KERNEL.H	40	SwMATH	object	0	0	0	0	no_lexical_candidate
KERNEL.H	42	RCntCNT0	object	0	0	0	0	no_lexical_candidate
KERNEL.H	43	RCntCNT1	object	0	0	0	0	no_lexical_candidate
KERNEL.H	45	RCntCNT2	object	0	0	0	0	no_lexical_candidate
KERNEL.H	46	RCntCNT3	object	0	0	0	0	no_lexical_candidate
KERNEL.H	48	RCntMdINTR	object	0	0	0	48	literal_collision_no_macro_provenance
KERNEL.H	49	RCntMdNOINTR	object	0	0	0	9	literal_collision_no_macro_provenance
KERNEL.H	50	RCntMdSC	object	0	0	0	1648	literal_collision_no_macro_provenance
KERNEL.H	51	RCntMdSP	object	0	0	0	3349	literal_collision_no_macro_provenance
KERNEL.H	52	RCntMdFR	object	0	0	0	3349	literal_collision_no_macro_provenance
KERNEL.H	53	RCntMdGATE	object	0	0	0	102	literal_collision_no_macro_provenance
KERNEL.H	55	EvSpCZ	object	0	0	0	1648	literal_collision_no_macro_provenance
KERNEL.H	56	EvSpINT	object	0	0	0	496	literal_collision_no_macro_provenance
KERNEL.H	57	EvSpIOE	object	0	0	0	153	literal_collision_no_macro_provenance
KERNEL.H	58	EvSpCLOSE	object	0	0	0	75	literal_collision_no_macro_provenance
KERNEL.H	59	EvSpACK	object	0	0	0	102	literal_collision_no_macro_provenance
KERNEL.H	60	EvSpCOMP	object	0	0	0	79	literal_collision_no_macro_provenance
KERNEL.H	61	EvSpDR	object	0	0	0	62	literal_collision_no_macro_provenance
KERNEL.H	62	EvSpDE	object	0	0	0	57	literal_collision_no_macro_provenance
KERNEL.H	63	EvSpTIMOUT	object	0	0	0	45	literal_collision_no_macro_provenance
KERNEL.H	64	EvSpUNKNOWN	object	0	0	0	12	literal_collision_no_macro_provenance
KERNEL.H	65	EvSpIOER	object	0	0	0	26	literal_collision_no_macro_provenance
KERNEL.H	66	EvSpIOEW	object	0	0	0	19	literal_collision_no_macro_provenance
KERNEL.H	67	EvSpTRAP	object	0	0	0	48	literal_collision_no_macro_provenance
KERNEL.H	68	EvSpNEW	object	0	0	0	9	literal_collision_no_macro_provenance
KERNEL.H	69	EvSpSYSCALL	object	0	0	0	5	literal_collision_no_macro_provenance
KERNEL.H	70	EvSpERROR	object	0	0	0	17	literal_collision_no_macro_provenance
KERNEL.H	71	EvSpPERROR	object	0	0	0	2	literal_collision_no_macro_provenance
KERNEL.H	72	EvSpEDOM	object	0	0	0	0	no_lexical_candidate
KERNEL.H	73	EvSpERANGE	object	0	0	0	0	no_lexical_candidate
KERNEL.H	75	EvMdINTR	object	0	0	0	48	literal_collision_no_macro_provenance
KERNEL.H	76	EvMdNOINTR	object	0	0	0	9	literal_collision_no_macro_provenance
KERNEL.H	78	EvStUNUSED	object	0	0	0	3349	literal_collision_no_macro_provenance
KERNEL.H	79	EvStWAIT	object	0	0	0	48	literal_collision_no_macro_provenance
KERNEL.H	80	EvStACTIVE	object	0	0	0	9	literal_collision_no_macro_provenance
KERNEL.H	81	EvStALREADY	object	0	0	0	5	literal_collision_no_macro_provenance
KERNEL.H	83	TcbMdRT	object	0	0	0	48	literal_collision_no_macro_provenance
KERNEL.H	84	TcbMdPRI	object	0	0	0	9	literal_collision_no_macro_provenance
KERNEL.H	86	TcbStUNUSED	object	0	0	0	48	literal_collision_no_macro_provenance
KERNEL.H	87	TcbStACTIVE	object	0	0	0	5	literal_collision_no_macro_provenance
KERNEL.H	157	NULL	object	63	2	0	3349	source_name_present_see_site_ledger
LIBCD.H	5	_LIBCD_H_	object	0	0	0	0	no_lexical_candidate
LIBCD.H	70	CdlModeStream	object	1	0	0	45	source_name_present_see_site_ledger
LIBCD.H	71	CdlModeSpeed	object	7	0	0	57	source_name_present_see_site_ledger
LIBCD.H	72	CdlModeRT	object	1	0	0	62	source_name_present_see_site_ledger
LIBCD.H	73	CdlModeSize1	object	0	0	0	79	literal_collision_no_macro_provenance
LIBCD.H	74	CdlModeSize0	object	0	0	0	102	literal_collision_no_macro_provenance
LIBCD.H	75	CdlModeSF	object	1	0	0	75	source_name_present_see_site_ledger
LIBCD.H	76	CdlModeRept	object	0	0	0	153	literal_collision_no_macro_provenance
LIBCD.H	77	CdlModeAP	object	0	0	0	496	literal_collision_no_macro_provenance
LIBCD.H	78	CdlModeDA	object	0	0	0	1648	literal_collision_no_macro_provenance
LIBCD.H	83	CdlStatPlay	object	0	0	0	57	literal_collision_no_macro_provenance
LIBCD.H	84	CdlStatSeek	object	0	0	0	62	literal_collision_no_macro_provenance
LIBCD.H	85	CdlStatRead	object	0	0	0	79	literal_collision_no_macro_provenance
LIBCD.H	86	CdlStatStandby	object	0	0	0	496	literal_collision_no_macro_provenance
LIBCD.H	91	CdlNop	object	0	0	0	1648	literal_collision_no_macro_provenance
LIBCD.H	92	CdlSetloc	object	3	0	0	496	source_name_present_see_site_ledger
LIBCD.H	93	CdlPlay	object	0	0	0	226	literal_collision_no_macro_provenance
LIBCD.H	94	CdlForward	object	0	0	0	153	literal_collision_no_macro_provenance
LIBCD.H	95	CdlBackward	object	0	0	0	103	literal_collision_no_macro_provenance
LIBCD.H	96	CdlReadN	object	1	0	0	73	source_name_present_see_site_ledger
LIBCD.H	97	CdlStandby	object	0	0	0	73	literal_collision_no_macro_provenance
LIBCD.H	98	CdlStop	object	1	0	0	75	source_name_present_see_site_ledger
LIBCD.H	99	CdlPause	object	2	0	0	29	source_name_present_see_site_ledger
LIBCD.H	100	CdlReset	object	0	0	0	75	literal_collision_no_macro_provenance
LIBCD.H	101	CdlMute	object	0	0	0	56	literal_collision_no_macro_provenance
LIBCD.H	102	CdlDemute	object	0	0	0	128	literal_collision_no_macro_provenance
LIBCD.H	103	CdlSetfilter	object	0	0	0	21	literal_collision_no_macro_provenance
LIBCD.H	104	CdlSetmode	object	3	0	0	26	source_name_present_see_site_ledger
LIBCD.H	105	CdlGetparam	object	0	0	0	52	literal_collision_no_macro_provenance
LIBCD.H	106	CdlGetlocL	object	0	0	0	102	literal_collision_no_macro_provenance
LIBCD.H	107	CdlGetlocP	object	0	0	0	22	literal_collision_no_macro_provenance
LIBCD.H	108	CdlReadT	object	0	0	0	21	literal_collision_no_macro_provenance
LIBCD.H	109	CdlGetTN	object	0	0	0	35	literal_collision_no_macro_provenance
LIBCD.H	110	CdlGetTD	object	0	0	0	49	literal_collision_no_macro_provenance
LIBCD.H	111	CdlSeekL	object	0	0	0	5	literal_collision_no_macro_provenance
LIBCD.H	112	CdlSeekP	object	0	0	0	5	literal_collision_no_macro_provenance
LIBCD.H	113	CdlReadS	object	0	0	0	14	literal_collision_no_macro_provenance
LIBCD.H	119	CdlNoIntr	object	0	0	0	3349	literal_collision_no_macro_provenance
LIBCD.H	120	CdlDataReady	object	1	0	0	1648	source_name_present_see_site_ledger
LIBCD.H	121	CdlComplete	object	0	0	0	496	literal_collision_no_macro_provenance
LIBCD.H	122	CdlAcknowledge	object	0	0	0	226	literal_collision_no_macro_provenance
LIBCD.H	123	CdlDataEnd	object	0	0	0	153	literal_collision_no_macro_provenance
LIBCD.H	124	CdlDiskError	object	0	0	0	103	literal_collision_no_macro_provenance
LIBCD.H	129	btoi	function	0	0	0	0	no_lexical_candidate
LIBCD.H	130	itob	function	1	0	0	0	source_name_present_see_site_ledger
LIBCD.H	132	CdSeekL	function	1	0	0	0	source_name_present_see_site_ledger
LIBCD.H	133	CdSeekP	function	7	0	0	0	source_name_present_see_site_ledger
LIBCD.H	134	CdStandby	function	0	0	0	0	no_lexical_candidate
LIBCD.H	135	CdPause	function	5	0	0	0	source_name_present_see_site_ledger
LIBCD.H	136	CdStop	function	1	0	0	0	source_name_present_see_site_ledger
LIBCD.H	137	CdMute	function	0	0	0	0	no_lexical_candidate
LIBCD.H	138	CdDeMute	function	0	0	0	0	no_lexical_candidate
LIBCD.H	139	CdForward	function	0	0	0	0	no_lexical_candidate
LIBCD.H	140	CdBackward	function	0	0	0	0	no_lexical_candidate
LIBCD.H	141	CdPlay	function	0	0	0	0	no_lexical_candidate
LIBCD.H	146	CdlMAXTOC	object	0	0	0	35	literal_collision_no_macro_provenance
LIBCD.H	201	StFREE	object	0	0	0	3349	literal_collision_no_macro_provenance
LIBCD.H	202	StREWIND	object	0	0	0	1648	literal_collision_no_macro_provenance
LIBCD.H	203	StCOMPLETE	object	0	0	0	496	literal_collision_no_macro_provenance
LIBCD.H	204	StBUSY	object	0	0	0	226	literal_collision_no_macro_provenance
LIBCD.H	205	StLOCK	object	0	0	0	153	literal_collision_no_macro_provenance
LIBCD.H	207	EDC	object	0	0	0	3349	literal_collision_no_macro_provenance
LIBCD.H	208	SECTOR_SIZE	object	0	0	0	12	literal_collision_no_macro_provenance
LIBCD.H	209	HEADER_SIZE	object	0	0	0	75	literal_collision_no_macro_provenance
LIBCD.H	211	StSTATUS	object	0	0	0	3349	literal_collision_no_macro_provenance
LIBCD.H	212	StVER	object	0	0	0	3349	literal_collision_no_macro_provenance
LIBCD.H	213	StTYPE	object	0	0	0	1648	literal_collision_no_macro_provenance
LIBCD.H	214	StSECTOR_OFFSET	object	0	0	0	496	literal_collision_no_macro_provenance
LIBCD.H	215	StSECTOR_SIZE	object	0	0	0	226	literal_collision_no_macro_provenance
LIBCD.H	216	StFRAME_NO	object	0	0	0	153	literal_collision_no_macro_provenance
LIBCD.H	217	StFRAME_SIZE	object	0	0	0	73	literal_collision_no_macro_provenance
LIBCD.H	219	StMOVIE_WIDTH	object	0	0	0	75	literal_collision_no_macro_provenance
LIBCD.H	220	StMOVIE_HEIGHT	object	0	0	0	29	literal_collision_no_macro_provenance
LIBCOMB.H	9	COMB_CTS	object	0	0	0	45	literal_collision_no_macro_provenance
LIBCOMB.H	10	COMB_DSR	object	0	0	0	57	literal_collision_no_macro_provenance
LIBCOMB.H	11	COMB_FE	object	0	0	0	79	literal_collision_no_macro_provenance
LIBCOMB.H	12	COMB_OE	object	0	0	0	102	literal_collision_no_macro_provenance
LIBCOMB.H	13	COMB_PERROR	object	0	0	0	75	literal_collision_no_macro_provenance
LIBCOMB.H	14	COMB_TXU	object	0	0	0	153	literal_collision_no_macro_provenance
LIBCOMB.H	15	COMB_RXRDY	object	0	0	0	496	literal_collision_no_macro_provenance
LIBCOMB.H	16	COMB_TXRDY	object	0	0	0	1648	literal_collision_no_macro_provenance
LIBETC.H	5	_LIBETC_H_	object	0	0	0	0	no_lexical_candidate
LIBETC.H	21	PADLup	object	0	0	0	0	no_lexical_candidate
LIBETC.H	22	PADLdown	object	0	0	0	0	no_lexical_candidate
LIBETC.H	23	PADLleft	object	0	0	0	0	no_lexical_candidate
LIBETC.H	24	PADLright	object	0	0	0	0	no_lexical_candidate
LIBETC.H	25	PADRup	object	2	0	0	0	source_name_present_see_site_ledger
LIBETC.H	26	PADRdown	object	2	0	0	0	source_name_present_see_site_ledger
LIBETC.H	27	PADRleft	object	2	0	0	0	source_name_present_see_site_ledger
LIBETC.H	28	PADRright	object	2	0	0	0	source_name_present_see_site_ledger
LIBETC.H	29	PADi	object	0	0	0	0	no_lexical_candidate
LIBETC.H	30	PADj	object	0	0	0	0	no_lexical_candidate
LIBETC.H	31	PADk	object	0	0	0	0	no_lexical_candidate
LIBETC.H	32	PADl	object	0	0	0	0	no_lexical_candidate
LIBETC.H	33	PADm	object	0	0	0	0	no_lexical_candidate
LIBETC.H	34	PADn	object	0	0	0	0	no_lexical_candidate
LIBETC.H	35	PADo	object	0	0	0	0	no_lexical_candidate
LIBETC.H	36	PADh	object	0	0	0	0	no_lexical_candidate
LIBETC.H	37	PADL1	object	0	0	0	0	no_lexical_candidate
LIBETC.H	38	PADL2	object	0	0	0	0	no_lexical_candidate
LIBETC.H	39	PADR1	object	0	0	0	0	no_lexical_candidate
LIBETC.H	40	PADR2	object	0	0	0	0	no_lexical_candidate
LIBETC.H	41	PADstart	object	2	0	0	0	source_name_present_see_site_ledger
LIBETC.H	42	PADselect	object	2	0	0	0	source_name_present_see_site_ledger
LIBETC.H	44	MOUSEleft	object	0	0	0	0	no_lexical_candidate
LIBETC.H	45	MOUSEright	object	0	0	0	0	no_lexical_candidate
LIBETC.H	55	_PAD	function	0	0	0	0	no_lexical_candidate
LIBETC.H	58	getScratchAddr	function	0	0	0	0	no_lexical_candidate
LIBGPU.H	5	_LIBGPU_H_	object	0	0	0	0	no_lexical_candidate
LIBGPU.H	75	WAIT_TIME	object	3	1	0	1	source_name_present_see_site_ledger
LIBGPU.H	80	limitRange	function	0	0	0	0	no_lexical_candidate
LIBGPU.H	85	setVector	function	8	0	278	0	source_name_present_see_site_ledger
LIBGPU.H	88	copyVector	function	8	0	278	0	source_name_present_see_site_ledger
LIBGPU.H	91	addVector	function	8	0	278	0	source_name_present_see_site_ledger
LIBGPU.H	96	setRECT	function	5	0	167	0	source_name_present_see_site_ledger
LIBGPU.H	102	setTPage	function	12	0	23	0	source_name_present_see_site_ledger
LIBGPU.H	105	setClut	function	2	0	28	0	source_name_present_see_site_ledger
LIBGPU.H	111	setRGB0	function	24	0	0	0	source_name_present_see_site_ledger
LIBGPU.H	114	setRGB1	function	0	0	0	0	no_lexical_candidate
LIBGPU.H	117	setRGB2	function	0	0	0	0	no_lexical_candidate
LIBGPU.H	120	setRGB3	function	0	0	0	0	no_lexical_candidate
LIBGPU.H	126	setXY0	function	0	0	18	0	field_shape_candidate_see_site_ledger
LIBGPU.H	129	setXY2	function	0	0	36	0	field_shape_candidate_see_site_ledger
LIBGPU.H	133	setXY3	function	0	0	54	0	field_shape_candidate_see_site_ledger
LIBGPU.H	138	setXY4	function	0	0	69	0	field_shape_candidate_see_site_ledger
LIBGPU.H	144	setXYWH	function	14	0	69	0	source_name_present_see_site_ledger
LIBGPU.H	153	setWH	function	0	0	13	0	field_shape_candidate_see_site_ledger
LIBGPU.H	158	setUV0	function	0	0	16	0	field_shape_candidate_see_site_ledger
LIBGPU.H	161	setUV3	function	0	0	48	0	field_shape_candidate_see_site_ledger
LIBGPU.H	166	setUV4	function	0	0	62	0	field_shape_candidate_see_site_ledger
LIBGPU.H	172	setUVWH	function	17	0	62	0	source_name_present_see_site_ledger
LIBGPU.H	182	dumpRECT	function	0	0	167	0	field_shape_candidate_see_site_ledger
LIBGPU.H	185	dumpWH	function	0	0	13	0	field_shape_candidate_see_site_ledger
LIBGPU.H	186	dumpXY0	function	0	0	18	0	field_shape_candidate_see_site_ledger
LIBGPU.H	187	dumpUV0	function	0	0	16	0	field_shape_candidate_see_site_ledger
LIBGPU.H	189	dumpXY2	function	0	0	36	0	field_shape_candidate_see_site_ledger
LIBGPU.H	193	dumpXY3	function	0	0	54	0	field_shape_candidate_see_site_ledger
LIBGPU.H	198	dumpUV3	function	0	0	48	0	field_shape_candidate_see_site_ledger
LIBGPU.H	203	dumpXY4	function	0	0	69	0	field_shape_candidate_see_site_ledger
LIBGPU.H	208	dumpUV4	function	0	0	62	0	field_shape_candidate_see_site_ledger
LIBGPU.H	213	dumpRGB0	function	0	0	0	0	no_lexical_candidate
LIBGPU.H	216	dumpRGB1	function	0	0	0	0	no_lexical_candidate
LIBGPU.H	219	dumpRGB2	function	0	0	0	0	no_lexical_candidate
LIBGPU.H	222	dumpRGB3	function	0	0	0	0	no_lexical_candidate
LIBGPU.H	228	setlen	function	0	0	0	0	no_lexical_candidate
LIBGPU.H	229	setaddr	function	0	0	0	0	no_lexical_candidate
LIBGPU.H	230	setcode	function	0	0	17	0	field_shape_candidate_see_site_ledger
LIBGPU.H	232	getlen	function	0	0	0	0	no_lexical_candidate
LIBGPU.H	233	getcode	function	0	0	17	0	field_shape_candidate_see_site_ledger
LIBGPU.H	234	getaddr	function	0	0	0	0	no_lexical_candidate
LIBGPU.H	236	nextPrim	function	0	0	0	0	no_lexical_candidate
LIBGPU.H	237	isendprim	function	0	0	0	0	no_lexical_candidate
LIBGPU.H	239	addPrim	function	0	0	0	0	no_lexical_candidate
LIBGPU.H	240	addPrims	function	0	0	0	0	no_lexical_candidate
LIBGPU.H	242	catPrim	function	0	0	0	0	no_lexical_candidate
LIBGPU.H	243	termPrim	function	0	0	0	0	no_lexical_candidate
LIBGPU.H	245	setSemiTrans	function	2	0	0	0	source_name_present_see_site_ledger
LIBGPU.H	248	setShadeTex	function	0	0	0	0	no_lexical_candidate
LIBGPU.H	251	getTPage	function	0	0	0	0	no_lexical_candidate
LIBGPU.H	256	getClut	function	3	0	0	0	source_name_present_see_site_ledger
LIBGPU.H	259	dumpTPage	function	0	0	0	0	no_lexical_candidate
LIBGPU.H	269	dumpClut	function	0	0	0	0	no_lexical_candidate
LIBGPU.H	275	setPolyF3	function	0	0	0	0	no_lexical_candidate
LIBGPU.H	276	setPolyFT3	function	0	0	0	0	no_lexical_candidate
LIBGPU.H	277	setPolyG3	function	0	0	0	0	no_lexical_candidate
LIBGPU.H	278	setPolyGT3	function	0	0	0	0	no_lexical_candidate
LIBGPU.H	279	setPolyF4	function	0	0	0	0	no_lexical_candidate
LIBGPU.H	280	setPolyFT4	function	2	0	0	0	source_name_present_see_site_ledger
LIBGPU.H	281	setPolyG4	function	0	0	0	0	no_lexical_candidate
LIBGPU.H	282	setPolyGT4	function	0	0	0	0	no_lexical_candidate
LIBGPU.H	284	setSprt8	function	0	0	0	0	no_lexical_candidate
LIBGPU.H	285	setSprt16	function	0	0	0	0	no_lexical_candidate
LIBGPU.H	286	setSprt	function	0	0	0	0	no_lexical_candidate
LIBGPU.H	288	setTile1	function	0	0	0	0	no_lexical_candidate
LIBGPU.H	289	setTile8	function	0	0	0	0	no_lexical_candidate
LIBGPU.H	290	setTile16	function	0	0	0	0	no_lexical_candidate
LIBGPU.H	291	setTile	function	0	0	0	0	no_lexical_candidate
LIBGPU.H	293	setBlockFill	function	0	0	0	0	no_lexical_candidate
LIBGPU.H	295	setLineF2	function	0	0	0	0	no_lexical_candidate
LIBGPU.H	296	setLineG2	function	0	0	0	0	no_lexical_candidate
LIBGPU.H	297	setLineF3	function	0	0	2	0	field_shape_candidate_see_site_ledger
LIBGPU.H	298	setLineG3	function	0	0	2	0	field_shape_candidate_see_site_ledger
LIBGPU.H	299	setLineF4	function	0	0	2	0	field_shape_candidate_see_site_ledger
LIBGPU.H	300	setLineG4	function	0	0	2	0	field_shape_candidate_see_site_ledger
LIBGS.H	5	_LIBGS_H_	object	0	0	0	0	no_lexical_candidate
LIBGS.H	17	NULL	object	63	2	0	3349	source_name_present_see_site_ledger
LIBGS.H	23	PSBANK	object	0	0	0	2	literal_collision_no_macro_provenance
LIBGS.H	25	ZRESOLUTION	object	0	0	0	0	no_lexical_candidate
LIBGS.H	28	WORLD	object	0	0	0	0	no_lexical_candidate
LIBGS.H	29	SCREEN	object	0	0	0	0	no_lexical_candidate
LIBGS.H	30	SCREEN2	object	0	0	0	0	no_lexical_candidate
LIBGS.H	266	GsOFSGTE	object	0	0	0	3349	literal_collision_no_macro_provenance
LIBGS.H	267	GsOFSGPU	object	0	0	0	153	literal_collision_no_macro_provenance
LIBGS.H	268	GsINTER	object	0	0	0	1648	literal_collision_no_macro_provenance
LIBGS.H	269	GsNONINTER	object	0	0	0	3349	literal_collision_no_macro_provenance
LIBGS.H	274	GsLDIM0	object	0	0	0	3349	literal_collision_no_macro_provenance
LIBGS.H	275	GsLDIM1	object	0	0	0	1648	literal_collision_no_macro_provenance
LIBGS.H	276	GsLDIM2	object	0	0	0	496	literal_collision_no_macro_provenance
LIBGS.H	277	GsLDIM3	object	0	0	0	226	literal_collision_no_macro_provenance
LIBGS.H	278	GsLDIM4	object	0	0	0	153	literal_collision_no_macro_provenance
LIBGS.H	279	GsLDIM5	object	0	0	0	103	literal_collision_no_macro_provenance
LIBGS.H	280	GsLDIM6	object	0	0	0	73	literal_collision_no_macro_provenance
LIBGS.H	281	GsLDIM7	object	0	0	0	73	literal_collision_no_macro_provenance
LIBGS.H	282	GsFOG	object	0	0	0	0	no_lexical_candidate
LIBGS.H	283	GsMATE	object	0	0	0	0	no_lexical_candidate
LIBGS.H	284	GsLLMOD	object	0	0	0	0	no_lexical_candidate
LIBGS.H	285	GsLOFF	object	0	0	0	0	no_lexical_candidate
LIBGS.H	286	GsZIGNR	object	0	0	0	0	no_lexical_candidate
LIBGS.H	287	GsNBACKC	object	0	0	0	0	no_lexical_candidate
LIBGS.H	288	GsDIV1	object	0	0	0	0	no_lexical_candidate
LIBGS.H	289	GsDIV2	object	0	0	0	0	no_lexical_candidate
LIBGS.H	290	GsDIV3	object	0	0	0	0	no_lexical_candidate
LIBGS.H	291	GsDIV4	object	0	0	0	0	no_lexical_candidate
LIBGS.H	292	GsDIV5	object	0	0	0	0	no_lexical_candidate
LIBGS.H	293	GsAZERO	object	0	0	0	0	no_lexical_candidate
LIBGS.H	294	GsAONE	object	0	0	0	0	no_lexical_candidate
LIBGS.H	295	GsATWO	object	0	0	0	0	no_lexical_candidate
LIBGS.H	296	GsATHREE	object	0	0	0	0	no_lexical_candidate
LIBGS.H	297	GsALON	object	0	0	0	0	no_lexical_candidate
LIBGS.H	298	GsDOFF	object	0	0	0	0	no_lexical_candidate
LIBGS.H	302	GsPERS	object	0	0	0	0	no_lexical_candidate
LIBGS.H	303	GsROTOFF	object	0	0	0	0	no_lexical_candidate
LIBGS.H	308	GsTOD_ATTR	object	0	0	0	3349	literal_collision_no_macro_provenance
LIBGS.H	309	GsTOD_COORD	object	0	0	0	1648	literal_collision_no_macro_provenance
LIBGS.H	310	GsTOD_TMDID	object	0	0	0	496	literal_collision_no_macro_provenance
LIBGS.H	311	GsTOD_PARENT	object	0	0	0	226	literal_collision_no_macro_provenance
LIBGS.H	312	GsTOD_MATRIX	object	0	0	0	153	literal_collision_no_macro_provenance
LIBGS.H	313	GsTOD_TMDDATA	object	0	0	0	103	literal_collision_no_macro_provenance
LIBGS.H	314	GsTOD_LIGHT	object	0	0	0	73	literal_collision_no_macro_provenance
LIBGS.H	315	GsTOD_CAMERA	object	0	0	0	73	literal_collision_no_macro_provenance
LIBGS.H	316	GsTOD_OBJCTL	object	0	0	0	75	literal_collision_no_macro_provenance
LIBGS.H	317	GsTOD_USER0	object	0	0	0	29	literal_collision_no_macro_provenance
LIBGS.H	318	GsTOD_USER1	object	0	0	0	75	literal_collision_no_macro_provenance
LIBGS.H	319	GsTOD_USER2	object	0	0	0	56	literal_collision_no_macro_provenance
LIBGS.H	320	GsTOD_USER3	object	0	0	0	128	literal_collision_no_macro_provenance
LIBGS.H	321	GsTOD_USER4	object	0	0	0	21	literal_collision_no_macro_provenance
LIBGS.H	322	GsTOD_SYSFUNC	object	0	0	0	52	literal_collision_no_macro_provenance
LIBGS.H	324	GsTOD_CREATE	object	0	0	0	3349	literal_collision_no_macro_provenance
LIBGS.H	325	GsTOD_NOCREATE	object	0	0	0	1648	literal_collision_no_macro_provenance
LIBGS.H	326	GsTOD_COORDONLY	object	0	0	0	496	literal_collision_no_macro_provenance
LIBGS.H	328	GsOBJ_UNDEF	object	0	0	0	0	no_lexical_candidate
LIBGTE.H	5	_LIBGTE_H_	object	0	0	0	0	no_lexical_candidate
LIBGTE.H	20	ONE	object	0	0	0	48	literal_collision_no_macro_provenance
LIBGTE.H	21	TMPVTXNUM	object	0	0	0	102	literal_collision_no_macro_provenance
LIBGTE.H	22	OUTVTXNUM	object	0	0	0	75	literal_collision_no_macro_provenance
LIBGTE.H	28	read_sz_fifo3	function	0	0	0	0	assembler_only
LIBGTE.H	33	read_sz_fifo4	function	0	0	0	0	assembler_only
LIBGTE.H	39	read_szx	function	0	0	0	0	assembler_only
LIBGTE.H	42	read_sz0	function	0	0	0	0	assembler_only
LIBGTE.H	45	read_sz1	function	0	0	0	0	assembler_only
LIBGTE.H	48	read_sz2	function	0	0	0	0	assembler_only
LIBGTE.H	51	read_sxsy_fifo3	function	0	0	0	0	assembler_only
LIBGTE.H	56	read_sxsy0	function	0	0	0	0	assembler_only
LIBGTE.H	59	read_sxsy1	function	0	0	0	0	assembler_only
LIBGTE.H	62	read_sxsy2	function	0	0	0	0	assembler_only
LIBGTE.H	65	read_rgb_fifo	function	0	0	0	0	assembler_only
LIBGTE.H	70	read_rgb0	function	0	0	0	0	assembler_only
LIBGTE.H	73	read_rgb1	function	0	0	0	0	assembler_only
LIBGTE.H	76	read_rgb2	function	0	0	0	0	assembler_only
LIBGTE.H	79	read_flag	function	0	0	0	0	assembler_only
LIBGTE.H	82	read_p	function	0	0	0	0	assembler_only
LIBGTE.H	85	read_otz	function	0	0	0	0	assembler_only
LIBGTE.H	88	read_opz	function	0	0	0	0	assembler_only
LIBGTE.H	91	read_mt	function	0	0	0	0	assembler_only
LIBGTE.H	98	store_sxsy_fifo3	function	0	0	0	0	assembler_only
LIBGTE.H	103	store_sxsy0	function	0	0	0	0	assembler_only
LIBGTE.H	106	store_sxsy1	function	0	0	0	0	assembler_only
LIBGTE.H	109	store_sxsy2	function	0	0	0	0	assembler_only
LIBGTE.H	112	store_rgb_fifo	function	0	0	0	0	assembler_only
LIBGTE.H	117	store_rgb0	function	0	0	0	0	assembler_only
LIBGTE.H	120	store_rgb1	function	0	0	0	0	assembler_only
LIBGTE.H	123	store_rgb2	function	0	0	0	0	assembler_only
LIBGTE.H	129	set_trans_matrix	function	0	0	0	0	assembler_only
LIBMATH.H	2	_LIBMATH_H_	object	0	0	0	0	no_lexical_candidate
LIBMATH.H	20	_ABS	function	0	0	0	0	no_lexical_candidate
LIBMATH.H	21	fabs	function	0	0	0	0	no_lexical_candidate
LIBPRESS.H	5	_LIBPRESS_H_	object	0	0	0	0	no_lexical_candidate
LIBSN.H	11	pollhost	function	0	0	0	0	no_lexical_candidate
LIBSND.H	2	_LIBSND_H_	object	0	0	0	0	no_lexical_candidate
LIBSND.H	23	SSPLAY_INFINITY	object	1	0	0	3349	source_name_present_see_site_ledger
LIBSND.H	24	SS_NOTICK	object	0	0	0	48	literal_collision_no_macro_provenance
LIBSND.H	25	SS_NOTICK0	object	0	0	0	3349	literal_collision_no_macro_provenance
LIBSND.H	26	SS_TICK60	object	1	0	0	1648	source_name_present_see_site_ledger
LIBSND.H	27	SS_TICK240	object	0	0	0	496	literal_collision_no_macro_provenance
LIBSND.H	28	SS_TICK120	object	0	0	0	226	literal_collision_no_macro_provenance
LIBSND.H	29	SS_TICKMODE_MAX	object	0	0	0	153	literal_collision_no_macro_provenance
LIBSND.H	30	SSPLAY_PAUSE	object	0	0	0	3349	literal_collision_no_macro_provenance
LIBSND.H	31	SSPLAY_PLAY	object	5	0	0	1648	source_name_present_see_site_ledger
LIBSND.H	32	SS_SOFF	object	0	0	0	3349	literal_collision_no_macro_provenance
LIBSND.H	33	SS_SON	object	0	0	0	1648	literal_collision_no_macro_provenance
LIBSND.H	34	SS_MIX	object	0	0	0	3349	literal_collision_no_macro_provenance
LIBSND.H	35	SS_REV	object	0	0	0	1648	literal_collision_no_macro_provenance
LIBSND.H	36	SS_SERIAL_A	object	0	0	0	3349	literal_collision_no_macro_provenance
LIBSND.H	37	SS_SERIAL_B	object	0	0	0	1648	literal_collision_no_macro_provenance
LIBSND.H	38	SS_MUTE_OFF	object	0	0	0	3349	literal_collision_no_macro_provenance
LIBSND.H	39	SS_MUTE_ON	object	0	0	0	1648	literal_collision_no_macro_provenance
LIBSND.H	41	SS_IMEDIATE	object	0	0	0	3349	literal_collision_no_macro_provenance
LIBSND.H	42	SS_IMMEDIATE	object	0	0	0	3349	literal_collision_no_macro_provenance
LIBSND.H	43	SS_WAIT_COMPLETED	object	2	0	0	1648	source_name_present_see_site_ledger
LIBSND.H	45	SS_REV_TYPE_OFF	object	0	0	0	3349	literal_collision_no_macro_provenance
LIBSND.H	46	SS_REV_TYPE_ROOM	object	0	0	0	1648	literal_collision_no_macro_provenance
LIBSND.H	47	SS_REV_TYPE_STUDIO_A	object	0	0	0	496	literal_collision_no_macro_provenance
LIBSND.H	48	SS_REV_TYPE_STUDIO_B	object	0	0	0	226	literal_collision_no_macro_provenance
LIBSND.H	49	SS_REV_TYPE_STUDIO_C	object	0	0	0	153	literal_collision_no_macro_provenance
LIBSND.H	50	SS_REV_TYPE_HALL	object	1	0	0	103	source_name_present_see_site_ledger
LIBSND.H	51	SS_REV_TYPE_SPACE	object	0	0	0	73	literal_collision_no_macro_provenance
LIBSND.H	52	SS_REV_TYPE_ECHO	object	0	0	0	73	literal_collision_no_macro_provenance
LIBSND.H	53	SS_REV_TYPE_DELAY	object	0	0	0	75	literal_collision_no_macro_provenance
LIBSND.H	54	SS_REV_TYPE_PIPE	object	0	0	0	29	literal_collision_no_macro_provenance
LIBSND.H	56	SS_SEQ_TABSIZ	object	1	0	0	5	source_name_present_see_site_ledger
LIBSPU.H	2	_LIBSPU_H_	object	0	0	0	0	no_lexical_candidate
LIBSPU.H	24	SPU_SUCCESS	object	0	0	0	3349	literal_collision_no_macro_provenance
LIBSPU.H	25	SPU_INVALID_ARGS	object	0	0	0	0	no_lexical_candidate
LIBSPU.H	26	SPU_DIAG	object	0	0	0	0	no_lexical_candidate
LIBSPU.H	27	SPU_CHECK	object	0	0	0	0	no_lexical_candidate
LIBSPU.H	28	SPU_OFF	object	0	0	0	3349	literal_collision_no_macro_provenance
LIBSPU.H	29	SPU_ON	object	0	0	0	1648	literal_collision_no_macro_provenance
LIBSPU.H	30	SPU_CLEAR	object	0	0	0	496	literal_collision_no_macro_provenance
LIBSPU.H	31	SPU_RESET	object	0	0	0	226	literal_collision_no_macro_provenance
LIBSPU.H	32	SPU_DONT_CARE	object	0	0	0	153	literal_collision_no_macro_provenance
LIBSPU.H	33	SPU_ALL	object	0	0	0	3349	literal_collision_no_macro_provenance
LIBSPU.H	34	SPU_CDONLY	object	0	0	0	103	literal_collision_no_macro_provenance
LIBSPU.H	35	SPU_VOICEONLY	object	0	0	0	73	literal_collision_no_macro_provenance
LIBSPU.H	36	SPU_CONT	object	0	0	0	73	literal_collision_no_macro_provenance
LIBSPU.H	37	SPU_NULL	object	0	0	0	3349	literal_collision_no_macro_provenance
LIBSPU.H	39	SpuDiag	object	0	0	0	0	no_lexical_candidate
LIBSPU.H	40	SpuCheck	object	0	0	0	0	no_lexical_candidate
LIBSPU.H	41	SpuOff	object	0	0	0	0	no_lexical_candidate
LIBSPU.H	42	SpuOn	object	0	0	0	0	no_lexical_candidate
LIBSPU.H	43	SpuClear	object	0	0	0	0	no_lexical_candidate
LIBSPU.H	44	SpuReset	object	0	0	0	0	no_lexical_candidate
LIBSPU.H	45	SpuDontCare	object	0	0	0	0	no_lexical_candidate
LIBSPU.H	46	SpuALL	object	0	0	0	0	no_lexical_candidate
LIBSPU.H	47	SpuCDOnly	object	0	0	0	0	no_lexical_candidate
LIBSPU.H	48	SpuVoiceOnly	object	0	0	0	0	no_lexical_candidate
LIBSPU.H	49	SpuCont	object	0	0	0	0	no_lexical_candidate
LIBSPU.H	50	SpuNull	object	0	0	0	0	no_lexical_candidate
LIBSPU.H	52	SPU_OFF_ENV_ON	object	0	0	0	496	literal_collision_no_macro_provenance
LIBSPU.H	53	SPU_ON_ENV_OFF	object	0	0	0	226	literal_collision_no_macro_provenance
LIBSPU.H	55	SpuOffEnvOn	object	0	0	0	0	no_lexical_candidate
LIBSPU.H	56	SpuOnEnvOff	object	0	0	0	0	no_lexical_candidate
LIBSPU.H	58	SPU_ERROR	object	0	0	0	0	no_lexical_candidate
LIBSPU.H	60	SpuError	object	0	0	0	0	no_lexical_candidate
LIBSPU.H	62	SPU_TRANSFER_BY_DMA	object	0	0	0	3349	literal_collision_no_macro_provenance
LIBSPU.H	63	SPU_TRANSFER_BY_IO	object	0	0	0	1648	literal_collision_no_macro_provenance
LIBSPU.H	65	SpuTransferByDMA	object	0	0	0	0	no_lexical_candidate
LIBSPU.H	66	SpuTransferByIO	object	0	0	0	0	no_lexical_candidate
LIBSPU.H	67	SpuTransByDMA	object	0	0	0	0	no_lexical_candidate
LIBSPU.H	68	SpuTransByIO	object	0	0	0	0	no_lexical_candidate
LIBSPU.H	70	SPU_TRANSFER_WAIT	object	0	0	0	1648	literal_collision_no_macro_provenance
LIBSPU.H	71	SPU_TRANSFER_PEEK	object	0	0	0	3349	literal_collision_no_macro_provenance
LIBSPU.H	72	SPU_TRANSFER_GLANCE	object	0	0	0	0	no_lexical_candidate
LIBSPU.H	79	__SPU_VOICE	object	0	0	0	0	no_lexical_candidate
LIBSPU.H	81	SPU_00CH	object	0	0	0	0	no_lexical_candidate
LIBSPU.H	82	SPU_01CH	object	0	0	0	0	no_lexical_candidate
LIBSPU.H	83	SPU_02CH	object	0	0	0	0	no_lexical_candidate
LIBSPU.H	84	SPU_03CH	object	0	0	0	0	no_lexical_candidate
LIBSPU.H	85	SPU_04CH	object	0	0	0	0	no_lexical_candidate
LIBSPU.H	86	SPU_05CH	object	0	0	0	0	no_lexical_candidate
LIBSPU.H	87	SPU_06CH	object	0	0	0	0	no_lexical_candidate
LIBSPU.H	88	SPU_07CH	object	0	0	0	0	no_lexical_candidate
LIBSPU.H	89	SPU_08CH	object	0	0	0	0	no_lexical_candidate
LIBSPU.H	90	SPU_09CH	object	0	0	0	0	no_lexical_candidate
LIBSPU.H	91	SPU_10CH	object	0	0	0	0	no_lexical_candidate
LIBSPU.H	92	SPU_11CH	object	0	0	0	0	no_lexical_candidate
LIBSPU.H	93	SPU_12CH	object	0	0	0	0	no_lexical_candidate
LIBSPU.H	94	SPU_13CH	object	0	0	0	0	no_lexical_candidate
LIBSPU.H	95	SPU_14CH	object	0	0	0	0	no_lexical_candidate
LIBSPU.H	96	SPU_15CH	object	0	0	0	0	no_lexical_candidate
LIBSPU.H	97	SPU_16CH	object	0	0	0	0	no_lexical_candidate
LIBSPU.H	98	SPU_17CH	object	0	0	0	0	no_lexical_candidate
LIBSPU.H	99	SPU_18CH	object	0	0	0	0	no_lexical_candidate
LIBSPU.H	100	SPU_19CH	object	0	0	0	0	no_lexical_candidate
LIBSPU.H	102	SPU_20CH	object	0	0	0	0	no_lexical_candidate
LIBSPU.H	103	SPU_21CH	object	0	0	0	0	no_lexical_candidate
LIBSPU.H	104	SPU_22CH	object	0	0	0	0	no_lexical_candidate
LIBSPU.H	105	SPU_23CH	object	0	0	0	0	no_lexical_candidate
LIBSPU.H	107	SPU_0CH	object	0	0	0	0	no_lexical_candidate
LIBSPU.H	108	SPU_1CH	object	0	0	0	0	no_lexical_candidate
LIBSPU.H	109	SPU_2CH	object	0	0	0	0	no_lexical_candidate
LIBSPU.H	110	SPU_3CH	object	0	0	0	0	no_lexical_candidate
LIBSPU.H	111	SPU_4CH	object	0	0	0	0	no_lexical_candidate
LIBSPU.H	112	SPU_5CH	object	0	0	0	0	no_lexical_candidate
LIBSPU.H	113	SPU_6CH	object	0	0	0	0	no_lexical_candidate
LIBSPU.H	114	SPU_7CH	object	0	0	0	0	no_lexical_candidate
LIBSPU.H	115	SPU_8CH	object	0	0	0	0	no_lexical_candidate
LIBSPU.H	116	SPU_9CH	object	0	0	0	0	no_lexical_candidate
LIBSPU.H	118	SPU_ALLCH	object	0	0	0	0	no_lexical_candidate
LIBSPU.H	124	SPU_KEYCH	function	0	0	0	0	no_lexical_candidate
LIBSPU.H	125	SPU_VOICECH	function	0	0	0	0	no_lexical_candidate
LIBSPU.H	131	SPU_VOICE_VOLL	object	0	0	0	0	no_lexical_candidate
LIBSPU.H	132	SPU_VOICE_VOLR	object	0	0	0	0	no_lexical_candidate
LIBSPU.H	133	SPU_VOICE_VOLMODEL	object	0	0	0	0	no_lexical_candidate
LIBSPU.H	134	SPU_VOICE_VOLMODER	object	0	0	0	0	no_lexical_candidate
LIBSPU.H	135	SPU_VOICE_PITCH	object	0	0	0	0	no_lexical_candidate
LIBSPU.H	136	SPU_VOICE_NOTE	object	0	0	0	0	no_lexical_candidate
LIBSPU.H	137	SPU_VOICE_SAMPLE_NOTE	object	0	0	0	0	no_lexical_candidate
LIBSPU.H	138	SPU_VOICE_WDSA	object	0	0	0	0	no_lexical_candidate
LIBSPU.H	139	SPU_VOICE_ADSR_AMODE	object	0	0	0	0	no_lexical_candidate
LIBSPU.H	140	SPU_VOICE_ADSR_SMODE	object	0	0	0	0	no_lexical_candidate
LIBSPU.H	141	SPU_VOICE_ADSR_RMODE	object	0	0	0	0	no_lexical_candidate
LIBSPU.H	142	SPU_VOICE_ADSR_AR	object	0	0	0	0	no_lexical_candidate
LIBSPU.H	143	SPU_VOICE_ADSR_DR	object	0	0	0	0	no_lexical_candidate
LIBSPU.H	144	SPU_VOICE_ADSR_SR	object	0	0	0	0	no_lexical_candidate
LIBSPU.H	145	SPU_VOICE_ADSR_RR	object	0	0	0	0	no_lexical_candidate
LIBSPU.H	146	SPU_VOICE_ADSR_SL	object	0	0	0	0	no_lexical_candidate
LIBSPU.H	147	SPU_VOICE_LSAX	object	0	0	0	0	no_lexical_candidate
LIBSPU.H	148	SPU_VOICE_ADSR_ADSR1	object	0	0	0	0	no_lexical_candidate
LIBSPU.H	149	SPU_VOICE_ADSR_ADSR2	object	0	0	0	0	no_lexical_candidate
LIBSPU.H	151	SPU_VOICE_DIRECT	object	0	0	0	3349	literal_collision_no_macro_provenance
LIBSPU.H	152	SPU_VOICE_LINEARIncN	object	0	0	0	1648	literal_collision_no_macro_provenance
LIBSPU.H	153	SPU_VOICE_LINEARIncR	object	0	0	0	496	literal_collision_no_macro_provenance
LIBSPU.H	154	SPU_VOICE_LINEARDecN	object	0	0	0	226	literal_collision_no_macro_provenance
LIBSPU.H	155	SPU_VOICE_LINEARDecR	object	0	0	0	153	literal_collision_no_macro_provenance
LIBSPU.H	156	SPU_VOICE_EXPIncN	object	0	0	0	103	literal_collision_no_macro_provenance
LIBSPU.H	157	SPU_VOICE_EXPIncR	object	0	0	0	73	literal_collision_no_macro_provenance
LIBSPU.H	158	SPU_VOICE_EXPDec	object	0	0	0	73	literal_collision_no_macro_provenance
LIBSPU.H	159	SPU_VOICE_EXPDecN	object	0	0	0	0	no_lexical_candidate
LIBSPU.H	160	SPU_VOICE_EXPDecR	object	0	0	0	0	no_lexical_candidate
LIBSPU.H	162	SPU_DECODE_FIRSTHALF	object	0	0	0	3349	literal_collision_no_macro_provenance
LIBSPU.H	163	SPU_DECODE_SECONDHALF	object	0	0	0	1648	literal_collision_no_macro_provenance
LIBSPU.H	165	SPU_COMMON_MVOLL	object	0	0	0	0	no_lexical_candidate
LIBSPU.H	166	SPU_COMMON_MVOLR	object	0	0	0	0	no_lexical_candidate
LIBSPU.H	167	SPU_COMMON_MVOLMODEL	object	0	0	0	0	no_lexical_candidate
LIBSPU.H	168	SPU_COMMON_MVOLMODER	object	0	0	0	0	no_lexical_candidate
LIBSPU.H	169	SPU_COMMON_RVOLL	object	0	0	0	0	no_lexical_candidate
LIBSPU.H	170	SPU_COMMON_RVOLR	object	0	0	0	0	no_lexical_candidate
LIBSPU.H	171	SPU_COMMON_CDVOLL	object	0	0	0	0	no_lexical_candidate
LIBSPU.H	172	SPU_COMMON_CDVOLR	object	0	0	0	0	no_lexical_candidate
LIBSPU.H	173	SPU_COMMON_CDREV	object	0	0	0	0	no_lexical_candidate
LIBSPU.H	174	SPU_COMMON_CDMIX	object	0	0	0	0	no_lexical_candidate
LIBSPU.H	175	SPU_COMMON_EXTVOLL	object	0	0	0	0	no_lexical_candidate
LIBSPU.H	176	SPU_COMMON_EXTVOLR	object	0	0	0	0	no_lexical_candidate
LIBSPU.H	177	SPU_COMMON_EXTREV	object	0	0	0	0	no_lexical_candidate
LIBSPU.H	178	SPU_COMMON_EXTMIX	object	0	0	0	0	no_lexical_candidate
LIBSPU.H	182	SPU_REV_MODE	object	0	0	0	0	no_lexical_candidate
LIBSPU.H	183	SPU_REV_DEPTHL	object	0	0	0	0	no_lexical_candidate
LIBSPU.H	184	SPU_REV_DEPTHR	object	0	0	0	0	no_lexical_candidate
LIBSPU.H	185	SPU_REV_DELAYTIME	object	0	0	0	0	no_lexical_candidate
LIBSPU.H	186	SPU_REV_FEEDBACK	object	0	0	0	0	no_lexical_candidate
LIBSPU.H	188	SPU_REV_MODE_CHECK	object	0	0	0	0	no_lexical_candidate
LIBSPU.H	189	SPU_REV_MODE_OFF	object	0	0	0	3349	literal_collision_no_macro_provenance
LIBSPU.H	190	SPU_REV_MODE_ROOM	object	0	0	0	1648	literal_collision_no_macro_provenance
LIBSPU.H	191	SPU_REV_MODE_STUDIO_A	object	0	0	0	496	literal_collision_no_macro_provenance
LIBSPU.H	192	SPU_REV_MODE_STUDIO_B	object	0	0	0	226	literal_collision_no_macro_provenance
LIBSPU.H	193	SPU_REV_MODE_STUDIO_C	object	0	0	0	153	literal_collision_no_macro_provenance
LIBSPU.H	194	SPU_REV_MODE_HALL	object	0	0	0	103	literal_collision_no_macro_provenance
LIBSPU.H	195	SPU_REV_MODE_SPACE	object	0	0	0	73	literal_collision_no_macro_provenance
LIBSPU.H	196	SPU_REV_MODE_ECHO	object	0	0	0	73	literal_collision_no_macro_provenance
LIBSPU.H	197	SPU_REV_MODE_DELAY	object	0	0	0	75	literal_collision_no_macro_provenance
LIBSPU.H	198	SPU_REV_MODE_PIPE	object	0	0	0	29	literal_collision_no_macro_provenance
LIBSPU.H	199	SPU_REV_MODE_MAX	object	0	0	0	75	literal_collision_no_macro_provenance
LIBSPU.H	201	SPU_REV_MODE_CLEAR_WA	object	0	0	0	45	literal_collision_no_macro_provenance
LIBSPU.H	207	SPU_VA_VOICE_NULL	object	0	0	0	3349	literal_collision_no_macro_provenance
LIBSPU.H	208	SPU_VA_VOICE_VOLL	object	0	0	0	1648	literal_collision_no_macro_provenance
LIBSPU.H	209	SPU_VA_VOICE_VOLR	object	0	0	0	496	literal_collision_no_macro_provenance
LIBSPU.H	210	SPU_VA_VOICE_VOLMODEL	object	0	0	0	226	literal_collision_no_macro_provenance
LIBSPU.H	211	SPU_VA_VOICE_VOLMODER	object	0	0	0	153	literal_collision_no_macro_provenance
LIBSPU.H	212	SPU_VA_VOICE_PITCH	object	0	0	0	103	literal_collision_no_macro_provenance
LIBSPU.H	213	SPU_VA_VOICE_NOTE	object	0	0	0	73	literal_collision_no_macro_provenance
LIBSPU.H	214	SPU_VA_VOICE_SAMPLE_NOTE	object	0	0	0	73	literal_collision_no_macro_provenance
LIBSPU.H	215	SPU_VA_VOICE_WDSA	object	0	0	0	75	literal_collision_no_macro_provenance
LIBSPU.H	216	SPU_VA_VOICE_ADSR_AMODE	object	0	0	0	29	literal_collision_no_macro_provenance
LIBSPU.H	217	SPU_VA_VOICE_ADSR_SMODE	object	0	0	0	75	literal_collision_no_macro_provenance
LIBSPU.H	218	SPU_VA_VOICE_ADSR_RMODE	object	0	0	0	56	literal_collision_no_macro_provenance
LIBSPU.H	219	SPU_VA_VOICE_ADSR_AR	object	0	0	0	128	literal_collision_no_macro_provenance
LIBSPU.H	220	SPU_VA_VOICE_ADSR_DR	object	0	0	0	21	literal_collision_no_macro_provenance
LIBSPU.H	221	SPU_VA_VOICE_ADSR_SR	object	0	0	0	26	literal_collision_no_macro_provenance
LIBSPU.H	222	SPU_VA_VOICE_ADSR_RR	object	0	0	0	52	literal_collision_no_macro_provenance
LIBSPU.H	223	SPU_VA_VOICE_ADSR_SL	object	0	0	0	102	literal_collision_no_macro_provenance
LIBSPU.H	224	SPU_VA_VOICE_LSAX	object	0	0	0	22	literal_collision_no_macro_provenance
LIBSPU.H	225	SPU_VA_VOICE_ADSR_ADSR1	object	0	0	0	21	literal_collision_no_macro_provenance
LIBSPU.H	226	SPU_VA_VOICE_ADSR_ADSR2	object	0	0	0	35	literal_collision_no_macro_provenance
LIBSPU.H	227	SPU_VA_VOICE_KEY_ON	object	0	0	0	49	literal_collision_no_macro_provenance
LIBSPU.H	228	SPU_VA_VOICE_KEY_OFF	object	0	0	0	5	literal_collision_no_macro_provenance
LIBSPU.H	230	SPU_VA_VOICE_MIN	object	0	0	0	14	literal_collision_no_macro_provenance
LIBSPU.H	231	SPU_VA_VOICE_MAX	object	0	0	0	2	literal_collision_no_macro_provenance
LIBSPU.H	232	SPU_VA_VOICE_SYNC	object	0	0	0	3	literal_collision_no_macro_provenance
LIBSPU.H	233	SPU_VA_VOICE_FLUSH_EVENT	object	0	0	0	57	literal_collision_no_macro_provenance
LIBSPU.H	235	SPU_VA_COMMON_NULL	object	0	0	0	3349	literal_collision_no_macro_provenance
LIBSPU.H	236	SPU_VA_COMMON_MVOLL	object	0	0	0	1648	literal_collision_no_macro_provenance
LIBSPU.H	237	SPU_VA_COMMON_MVOLR	object	0	0	0	496	literal_collision_no_macro_provenance
LIBSPU.H	238	SPU_VA_COMMON_MVOLMODEL	object	0	0	0	226	literal_collision_no_macro_provenance
LIBSPU.H	239	SPU_VA_COMMON_MVOLMODER	object	0	0	0	153	literal_collision_no_macro_provenance
LIBSPU.H	240	SPU_VA_COMMON_RVOLL	object	0	0	0	103	literal_collision_no_macro_provenance
LIBSPU.H	241	SPU_VA_COMMON_RVOLR	object	0	0	0	73	literal_collision_no_macro_provenance
LIBSPU.H	242	SPU_VA_COMMON_CDVOLL	object	0	0	0	73	literal_collision_no_macro_provenance
LIBSPU.H	243	SPU_VA_COMMON_CDVOLR	object	0	0	0	75	literal_collision_no_macro_provenance
LIBSPU.H	244	SPU_VA_COMMON_CDREV	object	0	0	0	29	literal_collision_no_macro_provenance
LIBSPU.H	245	SPU_VA_COMMON_CDMIX	object	0	0	0	75	literal_collision_no_macro_provenance
LIBSPU.H	246	SPU_VA_COMMON_EXTVOLL	object	0	0	0	56	literal_collision_no_macro_provenance
LIBSPU.H	247	SPU_VA_COMMON_EXTVOLR	object	0	0	0	128	literal_collision_no_macro_provenance
LIBSPU.H	248	SPU_VA_COMMON_EXTREV	object	0	0	0	21	literal_collision_no_macro_provenance
LIBSPU.H	249	SPU_VA_COMMON_EXTMIX	object	0	0	0	26	literal_collision_no_macro_provenance
LIBSPU.H	301	SPU_DECODEDATA_SIZE	object	0	0	0	12	literal_collision_no_macro_provenance
LIBSPU.H	326	__SPU_IRQCALLBACK_PROC	object	0	0	0	0	no_lexical_candidate
LIBSPU.H	330	__SPU_TRANSFERCALLBACK_PROC	object	0	0	0	0	no_lexical_candidate
LIBSPU.H	338	SPU_MALLOC_RECSIZ	object	0	0	0	75	literal_collision_no_macro_provenance
LIBSPU.H	373	SpuSetTransMode	function	0	0	0	0	no_lexical_candidate
LIBSPU.H	375	SpuGetTransMode	function	0	0	0	0	no_lexical_candidate
LIBSPU.H	377	SpuSetTransStartAddr	function	0	0	0	0	no_lexical_candidate
LIBSPU.H	379	SpuGetTransStartAddr	function	0	0	0	0	no_lexical_candidate
LIMITS.H	9	_LIMITS_H	object	0	0	0	0	no_lexical_candidate
LIMITS.H	15	CHAR_BIT	object	0	0	0	75	literal_collision_no_macro_provenance
LIMITS.H	16	SCHAR_MIN	object	0	0	0	0	no_lexical_candidate
LIMITS.H	17	SCHAR_MAX	object	0	0	0	36	literal_collision_no_macro_provenance
LIMITS.H	18	UCHAR_MAX	object	0	0	0	113	literal_collision_no_macro_provenance
LIMITS.H	19	CHAR_MIN	object	0	0	0	0	no_lexical_candidate
LIMITS.H	20	CHAR_MAX	object	0	0	0	0	no_lexical_candidate
LIMITS.H	21	SHRT_MIN	object	0	0	0	0	no_lexical_candidate
LIMITS.H	22	SHRT_MAX	object	0	0	0	4	literal_collision_no_macro_provenance
LIMITS.H	23	USHRT_MAX	object	0	0	0	14	literal_collision_no_macro_provenance
LIMITS.H	24	INT_MIN	object	0	0	0	0	no_lexical_candidate
LIMITS.H	25	INT_MAX	object	0	0	0	0	no_lexical_candidate
LIMITS.H	26	UINT_MAX	object	0	0	0	0	no_lexical_candidate
LIMITS.H	27	LONG_MIN	object	0	0	0	0	no_lexical_candidate
LIMITS.H	28	LONG_MAX	object	0	0	0	0	no_lexical_candidate
LIMITS.H	29	ULONG_MAX	object	0	0	0	0	no_lexical_candidate
LIMITS.H	31	USI_MAX	object	0	0	0	0	no_lexical_candidate
LIMITS.H	32	WORD_BIT	object	0	0	0	79	literal_collision_no_macro_provenance
LIMITS.H	35	MB_LEN_MAX	object	0	0	0	153	literal_collision_no_macro_provenance
MALLOC.H	8	_MALLOC_H	object	0	0	0	0	no_lexical_candidate
MALLOC.H	17	_SIZE_T	object	0	0	0	0	no_lexical_candidate
MALLOC.H	22	NULL	object	63	2	0	3349	source_name_present_see_site_ledger
MEMORY.H	10	_MEMORY_H	object	0	0	0	0	no_lexical_candidate
MEMORY.H	20	_SIZE_T	object	0	0	0	0	no_lexical_candidate
MEMORY.H	25	NULL	object	63	2	0	3349	source_name_present_see_site_ledger
QSORT.H	10	_QSORT_H	object	0	0	0	0	no_lexical_candidate
QSORT.H	16	_SIZE_T	object	0	0	0	0	no_lexical_candidate
QSORT.H	24	NULL	object	63	2	0	3349	source_name_present_see_site_ledger
R3000.H	8	_R3000_H	object	0	0	0	0	no_lexical_candidate
R3000.H	12	K0BASE	object	0	0	0	2	literal_collision_no_macro_provenance
R3000.H	13	K0SIZE	object	0	0	0	0	no_lexical_candidate
R3000.H	14	K1BASE	object	0	0	0	0	no_lexical_candidate
R3000.H	15	K1SIZE	object	0	0	0	0	no_lexical_candidate
R3000.H	16	K2BASE	object	0	0	0	0	no_lexical_candidate
R3000.H	17	K2SIZE	object	0	0	0	0	no_lexical_candidate
R3000.H	22	UT_VEC	object	0	0	0	0	no_lexical_candidate
R3000.H	23	E_VEC	object	0	0	0	0	no_lexical_candidate
R3000.H	24	R_VEC	object	0	0	0	0	no_lexical_candidate
R3000.H	29	K0_TO_K1	function	0	0	0	0	no_lexical_candidate
R3000.H	30	K1_TO_K0	function	0	0	0	0	no_lexical_candidate
R3000.H	31	K0_TO_PHYS	function	0	0	0	0	no_lexical_candidate
R3000.H	32	K1_TO_PHYS	function	0	0	0	0	no_lexical_candidate
R3000.H	33	PHYS_TO_K0	function	0	0	0	0	no_lexical_candidate
R3000.H	34	PHYS_TO_K1	function	0	0	0	0	no_lexical_candidate
R3000.H	39	IS_KSEG0	function	0	0	0	0	no_lexical_candidate
R3000.H	40	IS_KSEG1	function	0	0	0	0	no_lexical_candidate
R3000.H	41	IS_KSEG2	function	0	0	0	0	no_lexical_candidate
R3000.H	42	IS_KPTESEG	function	0	0	0	0	no_lexical_candidate
R3000.H	43	IS_KUSEG	function	0	0	0	0	no_lexical_candidate
R3000.H	48	MINCACHE	object	0	0	0	0	no_lexical_candidate
R3000.H	49	MAXCACHE	object	0	0	0	0	no_lexical_candidate
R3000.H	55	SR_CUMASK	object	0	0	0	0	no_lexical_candidate
R3000.H	57	SR_CU3	object	0	0	0	2	literal_collision_no_macro_provenance
R3000.H	58	SR_CU2	object	0	0	0	0	no_lexical_candidate
R3000.H	59	SR_CU1	object	0	0	0	0	no_lexical_candidate
R3000.H	60	SR_CU0	object	0	0	0	0	no_lexical_candidate
R3000.H	62	SR_BEV	object	0	0	0	0	no_lexical_candidate
R3000.H	65	SR_TS	object	0	0	0	2	literal_collision_no_macro_provenance
R3000.H	66	SR_PE	object	0	0	0	0	no_lexical_candidate
R3000.H	67	SR_CM	object	0	0	0	0	no_lexical_candidate
R3000.H	68	SR_PZ	object	0	0	0	0	no_lexical_candidate
R3000.H	69	SR_SWC	object	0	0	0	3	literal_collision_no_macro_provenance
R3000.H	70	SR_ISC	object	0	0	0	5	literal_collision_no_macro_provenance
R3000.H	72	SR_MM_MODE	object	0	0	0	5	literal_collision_no_macro_provenance
R3000.H	73	lcache	object	0	0	0	0	no_lexical_candidate
R3000.H	74	scache	object	0	0	0	0	no_lexical_candidate
R3000.H	75	flush	object	0	0	0	0	no_lexical_candidate
R3000.H	76	inval	object	0	0	0	0	no_lexical_candidate
R3000.H	82	SR_IMASK	object	0	0	0	0	no_lexical_candidate
R3000.H	83	SR_IMASK8	object	0	0	0	3349	literal_collision_no_macro_provenance
R3000.H	84	SR_IMASK7	object	0	0	0	17	literal_collision_no_macro_provenance
R3000.H	85	SR_IMASK6	object	0	0	0	11	literal_collision_no_macro_provenance
R3000.H	86	SR_IMASK5	object	0	0	0	0	no_lexical_candidate
R3000.H	87	SR_IMASK4	object	0	0	0	0	no_lexical_candidate
R3000.H	88	SR_IMASK3	object	0	0	0	0	no_lexical_candidate
R3000.H	89	SR_IMASK2	object	0	0	0	0	no_lexical_candidate
R3000.H	90	SR_IMASK1	object	0	0	0	0	no_lexical_candidate
R3000.H	91	SR_IMASK0	object	0	0	0	0	no_lexical_candidate
R3000.H	93	SR_IBIT8	object	0	0	0	17	literal_collision_no_macro_provenance
R3000.H	94	SR_IBIT7	object	0	0	0	5	literal_collision_no_macro_provenance
R3000.H	95	SR_IBIT6	object	0	0	0	9	literal_collision_no_macro_provenance
R3000.H	96	SR_IBIT5	object	0	0	0	48	literal_collision_no_macro_provenance
R3000.H	97	SR_IBIT4	object	0	0	0	19	literal_collision_no_macro_provenance
R3000.H	98	SR_IBIT3	object	0	0	0	26	literal_collision_no_macro_provenance
R3000.H	99	SR_IBIT2	object	0	0	0	12	literal_collision_no_macro_provenance
R3000.H	100	SR_IBIT1	object	0	0	0	45	literal_collision_no_macro_provenance
R3000.H	102	SR_KUO	object	0	0	0	79	literal_collision_no_macro_provenance
R3000.H	103	SR_IEO	object	0	0	0	102	literal_collision_no_macro_provenance
R3000.H	104	SR_KUP	object	0	0	0	75	literal_collision_no_macro_provenance
R3000.H	105	SR_IEP	object	0	0	0	153	literal_collision_no_macro_provenance
R3000.H	106	SR_KUC	object	0	0	0	496	literal_collision_no_macro_provenance
R3000.H	107	SR_IEC	object	0	0	0	1648	literal_collision_no_macro_provenance
R3000.H	109	SR_IMASKSHIFT	object	0	0	0	75	literal_collision_no_macro_provenance
R3000.H	111	SR_FMT	object	0	0	0	0	no_lexical_candidate
R3000.H	116	CAUSE_BD	object	0	0	0	2	literal_collision_no_macro_provenance
R3000.H	117	CAUSE_CEMASK	object	0	0	0	0	no_lexical_candidate
R3000.H	118	CAUSE_CESHIFT	object	0	0	0	19	literal_collision_no_macro_provenance
R3000.H	121	CAUSE_IP8	object	0	0	0	17	literal_collision_no_macro_provenance
R3000.H	122	CAUSE_IP7	object	0	0	0	5	literal_collision_no_macro_provenance
R3000.H	123	CAUSE_IP6	object	0	0	0	9	literal_collision_no_macro_provenance
R3000.H	124	CAUSE_IP5	object	0	0	0	48	literal_collision_no_macro_provenance
R3000.H	125	CAUSE_IP4	object	0	0	0	19	literal_collision_no_macro_provenance
R3000.H	126	CAUSE_IP3	object	0	0	0	26	literal_collision_no_macro_provenance
R3000.H	127	CAUSE_SW2	object	0	0	0	12	literal_collision_no_macro_provenance
R3000.H	128	CAUSE_SW1	object	0	0	0	45	literal_collision_no_macro_provenance
R3000.H	130	CAUSE_IPMASK	object	0	0	0	0	no_lexical_candidate
R3000.H	131	CAUSE_IPSHIFT	object	0	0	0	75	literal_collision_no_macro_provenance
R3000.H	133	CAUSE_EXCMASK	object	0	0	0	43	literal_collision_no_macro_provenance
R3000.H	134	CAUSE_EXCSHIFT	object	0	0	0	496	literal_collision_no_macro_provenance
R3000.H	136	CAUSE_FMT	object	0	0	0	0	no_lexical_candidate
R3000.H	140	EXC_CODE	function	0	0	0	0	no_lexical_candidate
R3000.H	143	EXC_INT	object	0	0	0	0	no_lexical_candidate
R3000.H	144	EXC_MOD	object	0	0	0	0	no_lexical_candidate
R3000.H	145	EXC_RMISS	object	0	0	0	0	no_lexical_candidate
R3000.H	146	EXC_WMISS	object	0	0	0	0	no_lexical_candidate
R3000.H	147	EXC_RADE	object	0	0	0	0	no_lexical_candidate
R3000.H	148	EXC_WADE	object	0	0	0	0	no_lexical_candidate
R3000.H	149	EXC_IBE	object	0	0	0	0	no_lexical_candidate
R3000.H	150	EXC_DBE	object	0	0	0	0	no_lexical_candidate
R3000.H	151	EXC_SYSCALL	object	0	0	0	0	no_lexical_candidate
R3000.H	152	EXC_BREAK	object	0	0	0	0	no_lexical_candidate
R3000.H	153	EXC_II	object	0	0	0	0	no_lexical_candidate
R3000.H	154	EXC_CPU	object	0	0	0	0	no_lexical_candidate
R3000.H	155	EXC_OV	object	0	0	0	0	no_lexical_candidate
R3000.H	158	SEXC_SEGV	object	0	0	0	0	no_lexical_candidate
R3000.H	159	SEXC_RESCHED	object	0	0	0	0	no_lexical_candidate
R3000.H	160	SEXC_PAGEIN	object	0	0	0	0	no_lexical_candidate
R3000.H	161	SEXC_CPU	object	0	0	0	0	no_lexical_candidate
R3000.H	167	C0_INX	object	0	0	0	0	no_lexical_candidate
R3000.H	168	C0_RAND	object	0	0	0	0	no_lexical_candidate
R3000.H	169	C0_TLBLO	object	0	0	0	0	no_lexical_candidate
R3000.H	171	C0_CTXT	object	0	0	0	0	no_lexical_candidate
R3000.H	173	C0_PIDMASK	object	0	0	0	0	no_lexical_candidate
R3000.H	175	C0_BADVADDR	object	0	0	0	0	no_lexical_candidate
R3000.H	177	C0_TLBHI	object	0	0	0	0	no_lexical_candidate
R3000.H	178	C0_PID	object	0	0	0	0	no_lexical_candidate
R3000.H	180	C0_SR	object	0	0	0	0	no_lexical_candidate
R3000.H	181	C0_CAUSE	object	0	0	0	0	no_lexical_candidate
R3000.H	182	C0_EPC	object	0	0	0	0	no_lexical_candidate
R3000.H	183	C0_PRID	object	0	0	0	0	no_lexical_candidate
R3000.H	184	C0_ERREG	object	0	0	0	0	no_lexical_candidate
R3000.H	189	C0_READI	object	0	0	0	1648	literal_collision_no_macro_provenance
R3000.H	190	C0_WRITEI	object	0	0	0	496	literal_collision_no_macro_provenance
R3000.H	191	C0_WRITER	object	0	0	0	73	literal_collision_no_macro_provenance
R3000.H	192	C0_PROBE	object	0	0	0	75	literal_collision_no_macro_provenance
R3000.H	193	C0_RFE	object	0	0	0	102	literal_collision_no_macro_provenance
R3000.H	198	NF_BADADDR	object	0	0	0	1648	literal_collision_no_macro_provenance
R3000.H	199	NF_COPYIO	object	0	0	0	496	literal_collision_no_macro_provenance
R3000.H	200	NF_ADDUPC	object	0	0	0	226	literal_collision_no_macro_provenance
R3000.H	201	NF_FSUMEM	object	0	0	0	153	literal_collision_no_macro_provenance
R3000.H	202	NF_USERACC	object	0	0	0	103	literal_collision_no_macro_provenance
R3000.H	203	NF_SOFTFP	object	0	0	0	73	literal_collision_no_macro_provenance
R3000.H	204	NF_REVID	object	0	0	0	73	literal_collision_no_macro_provenance
R3000.H	205	NF_NENTRIES	object	0	0	0	75	literal_collision_no_macro_provenance
R3000.H	210	TLBWIREDBASE	object	0	0	0	3349	literal_collision_no_macro_provenance
R3000.H	211	NWIREDENTRIES	object	0	0	0	75	literal_collision_no_macro_provenance
R3000.H	212	TLBRANDOMBASE	object	0	0	0	0	no_lexical_candidate
R3000.H	213	NRANDOMENTRIES	object	0	0	0	0	no_lexical_candidate
R3000.H	214	NTLBENTRIES	object	0	0	0	62	literal_collision_no_macro_provenance
R3000.H	216	TLBRAND_RANDMASK	object	0	0	0	0	no_lexical_candidate
R3000.H	217	TLBRAND_RANDSHIFT	object	0	0	0	75	literal_collision_no_macro_provenance
R3000.H	223	NC0VECS	object	0	0	0	75	literal_collision_no_macro_provenance
R3000.H	230	BRK_KERNEL	object	0	0	0	2	literal_collision_no_macro_provenance
R3000.H	231	EXCEPT_NORM	object	0	0	0	1648	literal_collision_no_macro_provenance
R3000.H	232	EXCEPT_UTLB	object	0	0	0	496	literal_collision_no_macro_provenance
R3000.H	233	EXCEPT_BRKPT	object	0	0	0	226	literal_collision_no_macro_provenance
R3000.H	234	EXCEPT_DB	object	0	0	0	153	literal_collision_no_macro_provenance
R3000.H	235	EXCEPT_GDB	object	0	0	0	153	literal_collision_no_macro_provenance
R3000.H	236	EXCEPT_INT	object	0	0	0	29	literal_collision_no_macro_provenance
R3000.H	237	EXCEPT_ELSE	object	0	0	0	113	literal_collision_no_macro_provenance
RAND.H	9	_RAND_H	object	0	0	0	0	no_lexical_candidate
RAND.H	11	RAND_MAX	object	0	0	0	4	literal_collision_no_macro_provenance
ROMIO.H	11	_ROMIO_H	object	0	0	0	0	no_lexical_candidate
SETJMP.H	10	_SETJMP_H	object	0	0	0	0	no_lexical_candidate
SETJMP.H	13	JB_PC	object	0	0	0	3349	literal_collision_no_macro_provenance
SETJMP.H	14	JB_SP	object	0	0	0	1648	literal_collision_no_macro_provenance
SETJMP.H	15	JB_FP	object	0	0	0	496	literal_collision_no_macro_provenance
SETJMP.H	16	JB_S0	object	0	0	0	226	literal_collision_no_macro_provenance
SETJMP.H	17	JB_S1	object	0	0	0	153	literal_collision_no_macro_provenance
SETJMP.H	18	JB_S2	object	0	0	0	103	literal_collision_no_macro_provenance
SETJMP.H	19	JB_S3	object	0	0	0	73	literal_collision_no_macro_provenance
SETJMP.H	20	JB_S4	object	0	0	0	73	literal_collision_no_macro_provenance
SETJMP.H	21	JB_S5	object	0	0	0	75	literal_collision_no_macro_provenance
SETJMP.H	22	JB_S6	object	0	0	0	29	literal_collision_no_macro_provenance
SETJMP.H	23	JB_S7	object	0	0	0	75	literal_collision_no_macro_provenance
SETJMP.H	24	JB_GP	object	0	0	0	56	literal_collision_no_macro_provenance
SETJMP.H	26	JB_SIZE	object	0	0	0	128	literal_collision_no_macro_provenance
STDARG.H	9	_STDARG_H	object	0	0	0	0	no_lexical_candidate
STDARG.H	12	__va_rounded_size	function	0	2	0	0	preprocessor_or_local_shadow
STDARG.H	15	va_start	function	2	2	0	0	source_name_present_see_site_ledger
STDARG.H	18	va_end	function	2	2	0	0	source_name_present_see_site_ledger
STDARG.H	20	va_arg	function	3	2	0	0	source_name_present_see_site_ledger
STDDEF.H	9	_STDDEF_H	object	0	0	0	0	no_lexical_candidate
STDDEF.H	13	_SIZE_T	object	0	0	0	0	no_lexical_candidate
STDDEF.H	18	_WCHAR_T	object	0	0	0	0	no_lexical_candidate
STDDEF.H	23	_UCHAR_T	object	0	0	0	0	no_lexical_candidate
STDDEF.H	28	_USHORT_T	object	0	0	0	0	no_lexical_candidate
STDDEF.H	33	_ULONG_T	object	0	0	0	0	no_lexical_candidate
STDDEF.H	38	WEOF	object	0	0	0	0	no_lexical_candidate
STDDEF.H	42	NULL	object	63	2	0	3349	source_name_present_see_site_ledger
STDIO.H	9	_STDIO_H	object	0	0	0	0	no_lexical_candidate
STDLIB.H	9	_STDLIB_H	object	0	0	0	0	no_lexical_candidate
STRINGS.H	10	_STRINGS_H	object	0	0	0	0	no_lexical_candidate
STRINGS.H	20	strdup	function	0	0	0	0	no_lexical_candidate
STRINGS.H	22	LMAX	object	0	0	0	45	literal_collision_no_macro_provenance
STRINGS.H	25	_SIZE_T	object	0	0	0	0	no_lexical_candidate
STRINGS.H	30	NULL	object	63	2	0	3349	source_name_present_see_site_ledger
SYS/ERRNO.H	11	_ERRNO_H	object	0	0	0	0	no_lexical_candidate
SYS/ERRNO.H	15	EPERM	object	0	0	0	1648	literal_collision_no_macro_provenance
SYS/ERRNO.H	16	ENOENT	object	0	0	0	496	literal_collision_no_macro_provenance
SYS/ERRNO.H	17	ESRCH	object	0	0	0	226	literal_collision_no_macro_provenance
SYS/ERRNO.H	18	EINTR	object	0	0	0	153	literal_collision_no_macro_provenance
SYS/ERRNO.H	19	EIO	object	0	0	0	103	literal_collision_no_macro_provenance
SYS/ERRNO.H	20	ENXIO	object	0	0	0	73	literal_collision_no_macro_provenance
SYS/ERRNO.H	21	E2BIG	object	0	0	0	73	literal_collision_no_macro_provenance
SYS/ERRNO.H	22	ENOEXEC	object	0	0	0	75	literal_collision_no_macro_provenance
SYS/ERRNO.H	23	EBADF	object	0	0	0	29	literal_collision_no_macro_provenance
SYS/ERRNO.H	24	ECHILD	object	0	0	0	75	literal_collision_no_macro_provenance
SYS/ERRNO.H	25	EAGAIN	object	0	0	0	56	literal_collision_no_macro_provenance
SYS/ERRNO.H	26	ENOMEM	object	0	0	0	128	literal_collision_no_macro_provenance
SYS/ERRNO.H	27	EACCES	object	0	0	0	21	literal_collision_no_macro_provenance
SYS/ERRNO.H	28	EFAULT	object	0	0	0	26	literal_collision_no_macro_provenance
SYS/ERRNO.H	29	ENOTBLK	object	0	0	0	52	literal_collision_no_macro_provenance
SYS/ERRNO.H	30	EBUSY	object	0	0	0	102	literal_collision_no_macro_provenance
SYS/ERRNO.H	31	EEXIST	object	0	0	0	22	literal_collision_no_macro_provenance
SYS/ERRNO.H	32	EXDEV	object	0	0	0	21	literal_collision_no_macro_provenance
SYS/ERRNO.H	33	ENODEV	object	0	0	0	35	literal_collision_no_macro_provenance
SYS/ERRNO.H	34	ENOTDIR	object	0	0	0	49	literal_collision_no_macro_provenance
SYS/ERRNO.H	35	EISDIR	object	0	0	0	5	literal_collision_no_macro_provenance
SYS/ERRNO.H	36	EINVAL	object	0	0	0	5	literal_collision_no_macro_provenance
SYS/ERRNO.H	37	ENFILE	object	0	0	0	4	literal_collision_no_macro_provenance
SYS/ERRNO.H	38	EMFILE	object	0	0	0	28	literal_collision_no_macro_provenance
SYS/ERRNO.H	39	ENOTTY	object	0	0	0	15	literal_collision_no_macro_provenance
SYS/ERRNO.H	40	ETXTBSY	object	0	0	0	8	literal_collision_no_macro_provenance
SYS/ERRNO.H	41	EFBIG	object	0	0	0	14	literal_collision_no_macro_provenance
SYS/ERRNO.H	42	ENOSPC	object	0	0	0	19	literal_collision_no_macro_provenance
SYS/ERRNO.H	43	ESPIPE	object	0	0	0	4	literal_collision_no_macro_provenance
SYS/ERRNO.H	44	EROFS	object	0	0	0	11	literal_collision_no_macro_provenance
SYS/ERRNO.H	45	EFORMAT	object	0	0	0	5	literal_collision_no_macro_provenance
SYS/ERRNO.H	46	EPIPE	object	0	0	0	79	literal_collision_no_macro_provenance
SYS/ERRNO.H	49	EDOM	object	0	0	0	14	literal_collision_no_macro_provenance
SYS/ERRNO.H	50	ERANGE	object	0	0	0	7	literal_collision_no_macro_provenance
SYS/ERRNO.H	53	EWOULDBLOCK	object	0	0	0	4	literal_collision_no_macro_provenance
SYS/ERRNO.H	54	EINPROGRESS	object	0	0	0	19	literal_collision_no_macro_provenance
SYS/ERRNO.H	55	EALREADY	object	0	0	0	1	literal_collision_no_macro_provenance
SYS/FCNTL.H	9	_SYS_FCNTL_H	object	0	0	0	0	no_lexical_candidate
SYS/FCNTL.H	12	FREAD	object	0	0	0	1648	literal_collision_no_macro_provenance
SYS/FCNTL.H	13	FWRITE	object	0	0	0	496	literal_collision_no_macro_provenance
SYS/FCNTL.H	14	FNBLOCK	object	0	0	0	153	literal_collision_no_macro_provenance
SYS/FCNTL.H	15	FRLOCK	object	0	0	0	102	literal_collision_no_macro_provenance
SYS/FCNTL.H	16	FWLOCK	object	0	0	0	79	literal_collision_no_macro_provenance
SYS/FCNTL.H	17	FAPPEND	object	0	0	0	45	literal_collision_no_macro_provenance
SYS/FCNTL.H	18	FCREAT	object	0	0	0	12	literal_collision_no_macro_provenance
SYS/FCNTL.H	19	FTRUNC	object	0	0	0	26	literal_collision_no_macro_provenance
SYS/FCNTL.H	20	FSCAN	object	0	0	0	48	literal_collision_no_macro_provenance
SYS/FCNTL.H	21	FRCOM	object	0	0	0	9	literal_collision_no_macro_provenance
SYS/FCNTL.H	22	FNBUF	object	0	0	0	5	literal_collision_no_macro_provenance
SYS/FCNTL.H	23	FASYNC	object	0	0	0	17	literal_collision_no_macro_provenance
SYS/FILE.H	9	_SYS_FILE_H	object	0	0	0	0	no_lexical_candidate
SYS/FILE.H	14	O_RDONLY	object	0	0	0	0	no_lexical_candidate
SYS/FILE.H	15	O_WRONLY	object	0	0	0	0	no_lexical_candidate
SYS/FILE.H	16	O_RDWR	object	0	0	0	0	no_lexical_candidate
SYS/FILE.H	17	O_CREAT	object	0	0	0	0	no_lexical_candidate
SYS/FILE.H	18	O_NOBUF	object	0	0	0	0	no_lexical_candidate
SYS/FILE.H	19	O_NBLOCK	object	0	0	0	0	no_lexical_candidate
SYS/FILE.H	20	O_NOWAIT	object	0	0	0	0	no_lexical_candidate
SYS/FILE.H	22	SEEK_SET	object	0	0	0	3349	literal_collision_no_macro_provenance
SYS/FILE.H	23	SEEK_END	object	0	0	0	1648	literal_collision_no_macro_provenance
SYS/FILE.H	24	SEEK_CUR	object	0	0	0	496	literal_collision_no_macro_provenance
SYS/IOCTL.H	9	_SYS_IOCTL_H	object	0	0	0	0	no_lexical_candidate
SYS/IOCTL.H	13	NULL	object	63	2	0	3349	source_name_present_see_site_ledger
SYS/IOCTL.H	17	EOF	object	0	0	0	0	no_lexical_candidate
SYS/IOCTL.H	21	FIOCNBLOCK	object	0	0	0	0	no_lexical_candidate
SYS/IOCTL.H	22	FIOCSCAN	object	0	0	0	0	no_lexical_candidate
SYS/IOCTL.H	25	TIOCRAW	object	0	0	0	0	no_lexical_candidate
SYS/IOCTL.H	26	TIOCFLUSH	object	0	0	0	0	no_lexical_candidate
SYS/IOCTL.H	27	TIOCREOPEN	object	0	0	0	0	no_lexical_candidate
SYS/IOCTL.H	28	TIOCBAUD	object	0	0	0	0	no_lexical_candidate
SYS/IOCTL.H	29	TIOCEXIT	object	0	0	0	0	no_lexical_candidate
SYS/IOCTL.H	30	TIOCDTR	object	0	0	0	0	no_lexical_candidate
SYS/IOCTL.H	31	TIOCRTS	object	0	0	0	0	no_lexical_candidate
SYS/IOCTL.H	32	TIOCLEN	object	0	0	0	0	no_lexical_candidate
SYS/IOCTL.H	35	TIOCPARITY	object	0	0	0	0	no_lexical_candidate
SYS/IOCTL.H	36	TIOSTATUS	object	0	0	0	0	no_lexical_candidate
SYS/IOCTL.H	37	TIOERRRST	object	0	0	0	0	no_lexical_candidate
SYS/IOCTL.H	38	TIOEXIST	object	0	0	0	0	no_lexical_candidate
SYS/IOCTL.H	39	TIORLEN	object	0	0	0	0	no_lexical_candidate
SYS/IOCTL.H	42	DIOFORMAT	object	0	0	0	0	no_lexical_candidate
SYS/TYPES.H	9	_SYS_TYPES_H	object	0	0	0	0	no_lexical_candidate
SYS/TYPES.H	16	major	function	0	0	0	0	no_lexical_candidate
SYS/TYPES.H	19	minor	function	0	0	0	0	no_lexical_candidate
SYS/TYPES.H	22	makedev	function	0	0	0	0	no_lexical_candidate
SYS/TYPES.H	47	_SIZE_T	object	0	0	0	0	no_lexical_candidate
SYS/TYPES.H	57	NBBY	object	0	0	0	75	literal_collision_no_macro_provenance
