header	sha256
ABS.H	a61c699f2645cd79c004caa3175fd8b6dd7cd12c64a1ecbc34cf5c5f3635ba31
ASM.H	7b0f718bab7485ba6f3b6bf0f5101a895433a5b1d0faf2997062b82a43488280
ASSERT.H	95baa8829f3090f24dc478a82428338ceee359e61827413bf185e28da336047f
CONVERT.H	3837008ee07a5fbfa2a67504223742429c78d2343d1d1cd2f38c84b0fb0bf492
CTYPE.H	700dcfef70fed645dd139dc96067ead9b4dd7229c520d8f40abfc7e3020957c9
FS.H	05cb8c07d52971430e5925724ee383feecabbc8e98025d9fd2b755707eda2e40
KERNEL.H	ad4d0670ded059308b16b28a304de3dfc4b560eb98d083ba7a95c093483c1ab9
LIBC2.H	ea2e74f1eff307bbec94100f4f123e77cee65eb859cb83f5a80bddaf527aad27
LIBCD.H	00ae03f3d849e5fbd6c12d7d8553ab393cbb37ece2c83b9c0d2e5d4b7c4d8800
LIBCOMB.H	ada78d199e128ba9094959a6d5d56fbf6fe81f25e3e20cf24f163e55adae0876
LIBETC.H	1da1468962c340dfe52d2e1af8397f6c70d892f9ce715011d0fb3dd3fc3ab899
LIBGPU.H	03f96f4e720bd1ce3533b7d35ec81474c4ca6b190b2002e87075f3c43bf22df2
LIBGS.H	70021d82958fbaf5dd538e17609a656d93221becc80a70f9f9ec1dcd77b3081a
LIBGTE.H	6db1028ece35f56c87891b4f2f543b114aef13b6d81b6d61fcee34ff6eb2b89a
LIBMATH.H	37fb97340f277f9e6316e7aea96206bc16bf85ca42c927013eb01aa7202b5fe9
LIBPRESS.H	8b1046fb6401b1f23b5d55f767e8f293a2d206aa6c4ab36b935e26602c8469d1
LIBSN.H	097e42ec659a604bbeacdee2cb2376c24aa79f45da96c60440e6e902e65d3a49
LIBSND.H	2b888973e1df1755bd00c970f02bd85f864f59dcc84ae258e4b81ab9689e1836
LIBSPU.H	e9014fe1385ca2f95ffd5ab8273497bfa4068a34579391f469ac2751a971d656
LIMITS.H	6fd4c5b4dba656390c190b4bec10d43b7b61fcea99b8495cea135e4b0086dcf1
MALLOC.H	cd68ac1322b3d9b3fbfd2db24079f2940b8097c692d0e6195b043202687de068
MEMORY.H	3fd7769d2b20e0d00b0f1413440fb08c3231dddad54751dbd10a6ff1f8098350
QSORT.H	87dbad1f3c2cb387e6a6baab3c36e95979c6d16ec2d71d38ba42b2abe1867d3a
R3000.H	d3530e84bd82938efcf548a0ababa2545b7b55dcfca9157b2071ba84de3e748f
RAND.H	6d837ae5001214a247ad71f0cf880fa8dcf3b3ff7128e418079aa6d4e86334f5
ROMIO.H	580c8c3e369e5369151933b0c0c8e551337e4bfc7fda3502440979cd47f573c6
SETJMP.H	deac57afd37c49603e4bdc80a1fb80783ac4954dca5d0f4e8348728dc8abb734
STDARG.H	eefb7c3537c71d98ede68d3c751e5f9dc0b3faca885efbeaa5c8a8a0ec4961d3
STDDEF.H	78a415b7da029af0e554a32d584df2650ae710b5b5aaaf39d48696de6085fa56
STDIO.H	8779cf0c493bf7369a701cc2ea275665f3314e3f4eaa2341aee688ff64de8578
STDLIB.H	0f035497a4ef34e5384230d387efabe3fd2e2ede9786c670c2bb1c1ec0790a1e
STRINGS.H	4ef6b024c59c960fc0b575c5f4efac926a19340897fff180890a2b984d089eef
SYS/ERRNO.H	dac0d9972bd2604cb670733084f72852a6197caa3827c86071cf4c0bd21f6d75
SYS/FCNTL.H	698e29db80909f0d4051c82d759658442e184e4eed58d7419f5a44b8ba5ccf1b
SYS/FILE.H	9d6fdf5933087bbbce6792109cc0973f23abc66ffd6bfd597ffe7a955bbd5838
SYS/IOCTL.H	fd211148db25cc058410b1272502c5b0075f22d9faf382b7acdcd0523d209322
SYS/TYPES.H	3052f51f42f3d010388ef1a1ecd9062b7f7d6917c5dee83a3fa8a8a3793a0707
