source	line	name	form
include/kf/lib/audio.h	12	SS_SEQ_TABSIZ	token
src/end/audio.c	22	SS_WAIT_COMPLETED	token
src/end/movie.c	29	SSPLAY_PLAY	token
src/end/movie.c	36	SSPLAY_PLAY	token
src/end/movie.c	36	SSPLAY_INFINITY	token
src/end/movie.c	57	SSPLAY_PLAY	token
src/end/movie.c	61	CdStop	call
src/end/movie.c	67	CdlModeSpeed	token
src/end/movie.c	68	CdlSetmode	token
src/end/movie.c	72	CdlPause	token
src/game/actor_animation.c	82	NULL	token
src/game/actor_animation.c	93	NULL	token
src/game/actor_animation.c	94	NULL	token
src/game/actor_animation.c	96	NULL	token
src/game/actor_animation.c	97	NULL	token
src/game/actor_find_target.c	14	NULL	token
src/game/actor_find_target.c	21	NULL	token
src/game/actor_fixup_group_targets.c	58	NULL	token
src/game/actor_fixup_group_targets.c	81	NULL	token
src/game/actor_fixup_group_targets.c	134	NULL	token
src/game/actor_group_position.c	38	setVector	call
src/game/actor_group_position.c	46	addVector	call
src/game/actor_initialize_from_group.c	19	NULL	token
src/game/actor_motion_collision.c	29	copyVector	call
src/game/actor_pool_clear.c	16	NULL	token
src/game/actor_pool_find.c	19	NULL	token
src/game/actor_select_best_target.c	23	NULL	token
src/game/actor_select_best_target.c	27	NULL	token
src/game/actor_select_best_target.c	37	NULL	token
src/game/actor_set_target.c	9	NULL	token
src/game/actor_set_target.c	17	NULL	token
src/game/actor_target_reset.c	10	NULL	token
src/game/actor_trajectory_math.c	85	setVector	call
src/game/animation_sparse_vertices.c	19	copyVector	call
src/game/audio_runtime.c	283	CdSeekP	call
src/game/audio_runtime.c	300	CdSeekP	call
src/game/audio_runtime.c	334	CdSeekP	call
src/game/cd_memory.c	135	setRECT	call
src/game/cd_memory.c	148	CdSeekP	call
src/game/cd_memory.c	340	NULL	token
src/game/cd_memory.c	412	NULL	token
src/game/cd_memory.c	476	CdSeekP	call
src/game/cd_memory.c	478	CdPause	call
src/game/cd_memory.c	495	CdlModeSpeed	token
src/game/cd_memory.c	503	CdSeekP	call
src/game/cd_memory.c	518	CdlModeSpeed	token
src/game/cd_memory.c	561	itob	call
src/game/cd_memory.c	656	CdSeekP	call
src/game/cd_memory.c	669	NULL	token
src/game/cd_memory.c	757	CdPause	call
src/game/cd_memory.c	759	CdlSetloc	token
src/game/cd_memory.c	759	NULL	token
src/game/cd_memory.c	760	CdlModeSpeed	token
src/game/cd_memory.c	761	NULL	token
src/game/cd_memory.c	763	CdPause	call
src/game/cd_memory.c	826	NULL	token
src/game/cd_memory.c	850	NULL	token
src/game/cd_memory.c	874	NULL	token
src/game/display.c	45	setRGB0	call
src/game/display.c	46	setRGB0	call
src/game/effect_move_probe.c	13	addVector	call
src/game/effect_move_probe.c	21	addVector	call
src/game/effect_rotate_scale_offset_y.c	12	setVector	call
src/game/effect_rotate_scale_offset_y.c	16	setVector	call
src/game/effect_scatter.c	18	addVector	call
src/game/effect_scatter.c	30	copyVector	call
src/game/effect_spawn_motion.c	30	copyVector	call
src/game/effect_spawn_motion.c	59	addVector	call
src/game/effect_update.c	40	NULL	token
src/game/effect_update.c	158	addVector	call
src/game/effect_update.c	174	NULL	token
src/game/floor_item_find_free.c	61	setRECT	call
src/game/graphics_textured_quad.c	18	setPolyFT4	call
src/game/graphics_textured_quad.c	20	setSemiTrans	call
src/game/graphics_textured_quad.c	22	setRGB0	call
src/game/graphics_textured_quad.c	26	v0	token
src/game/graphics_textured_quad.c	28	v1	token
src/game/map_object_motion.c	42	addVector	call
src/game/map_object_reset.c	65	va_start	call
src/game/map_object_reset.c	75	va_arg	call
src/game/map_object_reset.c	81	va_arg	call
src/game/map_object_reset.c	84	va_end	call
src/game/map_object_vertex_world.c	26	addVector	call
src/game/matrix_rotation.c	188	copyVector	call
src/game/memory_card_events.c	33	NULL	token
src/game/memory_card_events.c	35	NULL	token
src/game/memory_card_events.c	37	NULL	token
src/game/memory_card_events.c	39	NULL	token
src/game/menu_blit_sprite.c	18	setRGB0	call
src/game/menu_blit_sprite.c	23	setXYWH	call
src/game/menu_blit_sprite.c	26	setUVWH	call
src/game/menu_blit_sprite_fixed_clut.c	16	setRGB0	call
src/game/menu_blit_sprite_fixed_clut.c	22	setXYWH	call
src/game/menu_blit_sprite_fixed_clut.c	25	setUVWH	call
src/game/menu_blit_sprite_translucent.c	10	setRGB0	call
src/game/menu_blit_sprite_translucent.c	13	setXYWH	call
src/game/menu_blit_sprite_translucent.c	17	setUVWH	call
src/game/menu_card_choice_controller.c	55	CdlStop	token
src/game/menu_draw_number.c	20	setXYWH	call
src/game/menu_draw_number.c	24	setUVWH	call
src/game/menu_draw_number.c	28	setUVWH	call
src/game/menu_draw_string.c	11	setXYWH	call
src/game/menu_draw_string.c	28	setUVWH	call
src/game/menu_draw_string.c	36	setUVWH	call
src/game/menu_draw_string.c	43	setUVWH	call
src/game/menu_item_model.c	27	setVector	call
src/game/menu_item_model.c	28	setVector	call
src/game/menu_panel_nine_slice.c	42	setRGB0	call
src/game/menu_panel_nine_slice.c	46	setXYWH	call
src/game/menu_panel_nine_slice.c	48	setUVWH	call
src/game/menu_transition.c	15	NULL	token
src/game/menu_transition.c	16	NULL	token
src/game/menu_transition.c	19	NULL	token
src/game/menu_transition.c	57	v0	token
src/game/menu_transition.c	59	v1	token
src/game/menu_transition.c	65	setTPage	call
src/game/menu_transition.c	66	setRGB0	call
src/game/menu_transition.c	79	v0	token
src/game/menu_transition.c	81	v1	token
src/game/menu_transition.c	87	setTPage	call
src/game/menu_transition.c	88	setRGB0	call
src/game/menu_transition.c	102	v0	token
src/game/menu_transition.c	104	v1	token
src/game/menu_transition.c	109	setClut	call
src/game/menu_transition.c	110	setTPage	call
src/game/menu_transition.c	111	setRGB0	call
src/game/menu_transition.c	125	v0	token
src/game/menu_transition.c	127	v1	token
src/game/menu_transition.c	132	setClut	call
src/game/menu_transition.c	133	setTPage	call
src/game/menu_transition.c	134	setRGB0	call
src/game/notification_quad.c	16	setPolyFT4	call
src/game/notification_quad.c	17	setSemiTrans	call
src/game/notification_quad.c	26	v0	token
src/game/notification_quad.c	26	v1	token
src/game/notification_quad.c	28	setRGB0	call
src/game/notify_enqueue.c	33	va_start	call
src/game/notify_enqueue.c	34	va_arg	call
src/game/notify_enqueue.c	35	va_end	call
src/game/player_collision_bounds.c	25	NULL	token
src/game/player_collision_bounds.c	34	NULL	token
src/game/player_collision_sound.c	20	NULL	token
src/game/player_core_run.c	18	NULL	token
src/game/player_core_run.c	21	NULL	token
src/game/player_core_run.c	370	NULL	token
src/game/player_reaction.c	209	NULL	token
src/game/player_reaction.c	233	NULL	token
src/game/player_reaction.c	251	NULL	token
src/game/player_reaction.c	266	NULL	token
src/game/player_state_equipment.c	83	NULL	token
src/game/player_state_equipment.c	247	NULL	token
src/game/player_state_equipment.c	252	NULL	token
src/game/player_state_equipment.c	257	NULL	token
src/game/player_state_equipment.c	262	NULL	token
src/game/player_state_equipment.c	267	NULL	token
src/game/player_state_equipment.c	272	NULL	token
src/game/player_state_equipment.c	277	NULL	token
src/game/player_state_equipment.c	306	NULL	token
src/game/pool.c	20	NULL	token
src/game/pool.c	43	NULL	token
src/game/pool.c	44	NULL	token
src/game/pool.c	46	NULL	token
src/game/pool.c	91	NULL	token
src/game/primitive_buffer.c	13	setRGB0	call
src/game/render_map_cell.c	212	copyVector	call
src/game/vector_math.c	18	setVector	call
src/game/vector_math.c	21	copyVector	call
src/game/vector_math.c	24	copyVector	call
src/game/vector_math.c	53	setVector	call
src/game/vector_math.c	116	abs	call
src/game/vector_math.c	116	abs	call
src/lib/audio_init.c	13	SS_TICK60	token
src/lib/audio_init.c	15	SS_REV_TYPE_HALL	token
src/lib/cd_file.c	37	CdlModeSpeed	token
src/lib/cd_file.c	39	CdlSetmode	token
src/lib/cd_file.c	40	CdlReadN	token
src/lib/cd_file.c	42	CdlDataReady	token
src/lib/cd_file.c	43	CdlSetloc	token
src/lib/cd_file.c	44	CdPause	call
src/lib/cd_file.c	50	CdlSetloc	token
src/lib/cd_file.c	51	CdPause	call
src/lib/display_init.c	31	setRGB0	call
src/lib/display_init.c	33	setRGB0	call
src/lib/movie_stream.c	36	setRECT	call
src/lib/movie_stream.c	37	setRECT	call
src/lib/movie_stream.c	38	setRECT	call
src/lib/movie_stream.c	75	WAIT_TIME	token
src/lib/movie_stream.c	96	WAIT_TIME	token
src/lib/movie_stream.c	118	WAIT_TIME	token
src/lib/movie_stream.c	135	CdSeekL	call
src/lib/movie_stream.c	137	CdlModeStream	token
src/lib/movie_stream.c	137	CdlModeSpeed	token
src/lib/movie_stream.c	137	CdlModeRT	token
src/lib/movie_stream.c	137	CdlModeSF	token
src/open/audio.c	27	SS_WAIT_COMPLETED	token
src/open/main.c	72	SSPLAY_PLAY	token
src/open/main.c	138	setTPage	call
src/open/main.c	139	getClut	call
src/open/main.c	140	setXYWH	call
src/open/main.c	141	setUVWH	call
src/open/movie.c	41	SSPLAY_PLAY	token
src/open/movie.c	77	CdlModeSpeed	token
src/open/movie.c	78	CdlSetmode	token
src/open/movie.c	82	CdlPause	token
src/open/resources.c	13	NULL	token
src/open/resources.c	14	NULL	token
src/open/resources.c	17	NULL	token
src/open/title.c	55	setRGB0	call
src/open/title.c	56	setTPage	call
src/open/title.c	57	setXYWH	call
src/open/title.c	58	setUVWH	call
src/open/title.c	71	setTPage	call
src/open/title.c	72	setRGB0	call
src/open/title.c	73	setXYWH	call
src/open/title.c	74	setUVWH	call
src/open/title.c	77	setTPage	call
src/open/title.c	78	setRGB0	call
src/open/title.c	79	setXYWH	call
src/open/title.c	80	setUVWH	call
src/open/title.c	83	setTPage	call
src/open/title.c	84	setRGB0	call
src/open/title.c	85	setXYWH	call
src/open/title.c	86	setUVWH	call
src/open/title.c	89	setTPage	call
src/open/title.c	90	setRGB0	call
src/open/title.c	91	setXYWH	call
src/open/title.c	92	setUVWH	call
src/open/title.c	122	setTPage	call
src/open/title.c	123	getClut	call
src/open/title.c	125	setRGB0	call
src/open/title.c	126	setXYWH	call
src/open/title.c	127	setUVWH	call
src/open/title.c	148	setTPage	call
src/open/title.c	149	getClut	call
src/open/title.c	152	setRGB0	call
src/open/title.c	154	setXYWH	call
src/open/title.c	155	setUVWH	call
src/open/title.c	167	PADRup	token
src/open/title.c	167	PADRup	token
src/open/title.c	168	PADRright	token
src/open/title.c	168	PADRright	token
src/open/title.c	169	PADRdown	token
src/open/title.c	169	PADRdown	token
src/open/title.c	170	PADRleft	token
src/open/title.c	170	PADRleft	token
src/open/title.c	171	PADstart	token
src/open/title.c	171	PADstart	token
src/open/title.c	175	PADselect	token
src/open/title.c	175	PADselect	token
src/open/title.c	189	setRGB0	call
src/open/title.c	205	setRGB0	call
vendor/include/psyq/libc.h	22	abs	call
