source	line	unit	pointer	length	code	baseline	trial	exit_code	full_listing_delta
src/game/render_map.c	76	game.render_map	&prim->sdk	0x0c	(header >> 24) | 0x3c	SAME render_enqueue_map (listing only)	SAME render_enqueue_map (listing only)	1	identical
src/game/render_map.c	116	game.render_map	&prim->sdk	0x09	(header >> 24) | 0x34	SAME render_enqueue_map (listing only)	SAME render_enqueue_map (listing only)	1	identical
src/game/render_map.c	185	game.render_map	&packet->sdk	9	packet_code	DIFF func_8002f5b0 (82.6% similar; < target, > compiled)	DIFF func_8002f5b0 (82.6% similar; < target, > compiled)	1	identical
src/game/render_map.c	325	game.render_map	&prim->sdk	12	((header >> 24) & 2) | 0x3c	DIFF func_8002f808 (50.3% similar; < target, > compiled)	DIFF func_8002f808 (50.3% similar; < target, > compiled)	1	identical
src/game/render_map.c	397	game.render_map	&prim->sdk	9	((header >> 24) & 2) | 0x34	DIFF func_8002f808 (50.3% similar; < target, > compiled)	DIFF func_8002f808 (50.3% similar; < target, > compiled)	1	identical
src/game/tmd_pipeline.c	235	game.tmd_pipeline	prim	7	0x26	DIFF func_8002ddb4 (93.6% similar; < target, > compiled)	DIFF func_8002ddb4 (93.6% similar; < target, > compiled)	1	identical
src/game/tmd_pipeline.c	272	game.tmd_pipeline	&prim->sdk	9	0x36	DIFF func_8002ddb4 (93.6% similar; < target, > compiled)	DIFF func_8002ddb4 (93.6% similar; < target, > compiled)	1	identical
src/game/tmd_pipeline.c	315	game.tmd_pipeline	&prim->sdk	12	0x3e	DIFF func_8002ddb4 (93.6% similar; < target, > compiled)	DIFF func_8002ddb4 (93.6% similar; < target, > compiled)	1	identical
src/game/tmd_pipeline.c	353	game.tmd_pipeline	prim	9	0x2e	DIFF func_8002ddb4 (93.6% similar; < target, > compiled)	DIFF func_8002ddb4 (93.6% similar; < target, > compiled)	1	identical
src/game/tmd_pipeline.c	421	game.tmd_pipeline	prim	7	mode	DIFF func_8002e4dc (89.9% similar; < target, > compiled)	DIFF func_8002e4dc (89.9% similar; < target, > compiled)	1	identical
src/game/tmd_pipeline.c	458	game.tmd_pipeline	&prim->sdk	9	mode	DIFF func_8002e4dc (89.9% similar; < target, > compiled)	DIFF func_8002e4dc (89.9% similar; < target, > compiled)	1	identical
src/game/tmd_pipeline.c	501	game.tmd_pipeline	&prim->sdk	12	mode	DIFF func_8002e4dc (89.9% similar; < target, > compiled)	DIFF func_8002e4dc (89.9% similar; < target, > compiled)	1	identical
src/game/tmd_pipeline.c	539	game.tmd_pipeline	prim	9	mode	DIFF func_8002e4dc (89.9% similar; < target, > compiled)	DIFF func_8002e4dc (89.9% similar; < target, > compiled)	1	identical
src/game/tmd_pipeline.c	610	game.tmd_pipeline	&prim->sdk	9	(mode & 2) | 0x34	DIFF func_8002ebe0 (88.7% similar; < target, > compiled)	DIFF func_8002ebe0 (88.7% similar; < target, > compiled)	1	identical
src/game/tmd_pipeline.c	650	game.tmd_pipeline	&prim->sdk	12	(mode & 2) | 0x3c	DIFF func_8002ebe0 (88.7% similar; < target, > compiled)	DIFF func_8002ebe0 (88.7% similar; < target, > compiled)	1	identical
src/game/tmd_pipeline.c	679	game.tmd_pipeline	prim	6	0x30	DIFF func_8002ebe0 (88.7% similar; < target, > compiled)	DIFF func_8002ebe0 (88.7% similar; < target, > compiled)	1	identical
src/game/tmd_pipeline.c	713	game.tmd_pipeline	prim	8	0x38	DIFF func_8002ebe0 (88.7% similar; < target, > compiled)	DIFF func_8002ebe0 (88.7% similar; < target, > compiled)	1	identical
