source	line	name	form	directive
include/kf/lib/null.h	5	NULL	token	ifndef
include/kf/lib/null.h	6	NULL	token	define
src/lib/movie_stream.c	11	WAIT_TIME	token	define
vendor/include/stdarg.h	21	va_start	call	define
vendor/include/stdarg.h	22	va_arg	call	define
vendor/include/stdarg.h	23	va_end	call	define
vendor/include/stdarg.h	26	__va_rounded_size	call	define
vendor/include/stdarg.h	28	va_start	call	define
vendor/include/stdarg.h	29	__va_rounded_size	call	define
vendor/include/stdarg.h	30	va_arg	call	define
vendor/include/stdarg.h	31	va_end	call	define
