source	line	unit	function	macro	baseline	trial	exit_code
src/game/actor_group_position.c	14	game.actor_group_position	func_8003c000	setVector	SAME func_8003c000 (listing only)	SAME func_8003c000 (listing only)	1
src/game/actor_group_position.c	18	game.actor_group_position	func_8003c000	setVector	SAME func_8003c000 (listing only)	SAME func_8003c000 (listing only)	1
src/game/actor_motion_collision.c	21	game.actor_motion_collision	func_8003b33c	setVector	SAME func_8003b33c (listing only)	SAME func_8003b33c (listing only)	1
src/game/actor_player_damage.c	90	game.actor_player_damage	func_8003a614	setVector	DIFF func_8003a614 (81.2% similar; < target, > compiled)	DIFF func_8003a614 (81.2% similar; < target, > compiled)	1
src/game/animation_sparse_vertices.c	24	game.animation_sparse_vertices	animation_expand_sparse_vertices	setVector	SAME animation_expand_sparse_vertices (listing only)	SAME animation_expand_sparse_vertices (listing only)	1
src/game/animation_sparse_vertices.c	44	game.animation_sparse_vertices	animation_decode_sparse_vertices	setVector	SAME animation_decode_sparse_vertices (listing only)	SAME animation_decode_sparse_vertices (listing only)	1
src/game/animation_sparse_vertices.c	84	game.animation_sparse_vertices		none	inapplicable_rhs	not_run	not_run
src/game/animation_sparse_vertices.c	102	game.animation_sparse_vertices		none	inapplicable_rhs	not_run	not_run
src/game/animation_sparse_vertices.c	105	game.animation_sparse_vertices		none	inapplicable_rhs	not_run	not_run
src/game/animation_sparse_vertices.c	108	game.animation_sparse_vertices		none	inapplicable_rhs	not_run	not_run
src/game/animation_sparse_vertices.c	124	game.animation_sparse_vertices		none	inapplicable_rhs	not_run	not_run
src/game/asset_vertex_count.c	151	game.asset_vertex_count	func_80034344	setVector	SAME func_80034344 (listing only)	SAME func_80034344 (listing only)	0
src/game/asset_vertex_count.c	160	game.asset_vertex_count	func_80034344	setVector	SAME func_80034344 (listing only)	SAME func_80034344 (listing only)	0
src/game/effect_aim_and_move.c	32	game.effect_aim_and_move	func_8004195c	setVector	SAME func_8004195c (listing only)	SAME func_8004195c (listing only)	0
src/game/effect_aim_and_move.c	53	game.effect_aim_and_move	func_8004195c	setVector	SAME func_8004195c (listing only)	SAME func_8004195c (listing only)	0
src/game/effect_move_probe.c	17	game.effect_move_probe	func_8004177c	setVector	SAME func_8004177c (listing only)	SAME func_8004177c (listing only)	0
src/game/effect_scatter.c	21	game.effect_scatter	func_80042298	setVector	SAME func_80042298 (listing only)	SAME func_80042298 (listing only)	0
src/game/effect_scatter.c	25	game.effect_scatter	func_80042298	setVector	SAME func_80042298 (listing only)	SAME func_80042298 (listing only)	0
src/game/effect_scatter.c	71	game.effect_scatter	func_800424f0	setVector	SAME func_800424f0 (listing only)	SAME func_800424f0 (listing only)	0
src/game/effect_spawn_motion.c	34	game.effect_spawn_motion	func_80041e94	setVector	SAME func_80041e94 (listing only)	SAME func_80041e94 (listing only)	0
src/game/effect_spawn_motion.c	49	game.effect_spawn_motion	func_80041e94	setVector	SAME func_80041e94 (listing only)	SAME func_80041e94 (listing only)	0
src/game/effect_spawn_motion.c	54	game.effect_spawn_motion	func_80041e94	setVector	SAME func_80041e94 (listing only)	SAME func_80041e94 (listing only)	0
src/game/effect_spawn_zero_direction.c	17	game.effect_spawn_zero_direction	func_80041d7c	setVector	SAME func_80041d7c (listing only)	compile_error	1
src/game/effect_target_motion.c	15	game.effect_target_motion	func_80041b14	setVector	SAME func_80041b14 (listing only)	SAME func_80041b14 (listing only)	0
src/game/effect_target_motion.c	23	game.effect_target_motion	func_80041b14	setVector	SAME func_80041b14 (listing only)	SAME func_80041b14 (listing only)	0
src/game/effect_target_motion.c	27	game.effect_target_motion	func_80041b14	setVector	SAME func_80041b14 (listing only)	SAME func_80041b14 (listing only)	0
src/game/effect_update.c	95	game.effect_update	func_8003feb0	setVector	SAME func_8003feb0 (listing only)	SAME func_8003feb0 (listing only)	1
src/game/effect_update.c	144	game.effect_update	func_800400c0	setVector	SAME func_800400c0 (listing only)	SAME func_800400c0 (listing only)	1
src/game/event_pose_interpolate.c	15	game.event_pose_interpolate	func_80045f20	setVector	SAME func_80045f20 (listing only)	SAME func_80045f20 (listing only)	0
src/game/map_object.c	32	game.map_object	func_80036190	setVector	DIFF func_80036190 (82.9% similar; < target, > compiled)	DIFF func_80036190 (82.9% similar; < target, > compiled)	1
src/game/map_object.c	127	game.map_object	map_object_spawn_effect	setVector	DIFF map_object_spawn_effect (92.8% similar; < target, > compiled)	DIFF map_object_spawn_effect (92.8% similar; < target, > compiled)	1
src/game/map_object_motion.c	64	game.map_object_motion	func_80036b68	setVector	SAME func_80036b68 (listing only)	SAME func_80036b68 (listing only)	0
src/game/map_object_spawn_scatter.c	26	game.map_object_spawn_scatter	func_800365d8	setVector	SAME func_800365d8 (listing only)	SAME func_800365d8 (listing only)	1
src/game/map_object_vertex_world.c	17	game.map_object_vertex_world	func_800369b8	setVector	SAME func_800369b8 (listing only)	SAME func_800369b8 (listing only)	0
src/game/matrix_rotation.c	95	game.matrix_rotation	vector_direction_scaled	setVector	SAME vector_direction_scaled (listing only)	SAME vector_direction_scaled (listing only)	0
src/game/matrix_rotation.c	191	game.matrix_rotation	svector_rotate_quarter_turns	setVector	SAME svector_rotate_quarter_turns (listing only)	SAME svector_rotate_quarter_turns (listing only)	0
src/game/matrix_rotation.c	196	game.matrix_rotation	svector_rotate_quarter_turns	setVector	SAME svector_rotate_quarter_turns (listing only)	SAME svector_rotate_quarter_turns (listing only)	0
src/game/matrix_rotation.c	201	game.matrix_rotation	svector_rotate_quarter_turns	setVector	SAME svector_rotate_quarter_turns (listing only)	SAME svector_rotate_quarter_turns (listing only)	0
src/game/player_magic_dispatch.c	39	game.player_magic_dispatch	func_80026498	setVector	SAME func_80026498 (listing only)	SAME func_80026498 (listing only)	0
src/game/player_magic_dispatch.c	46	game.player_magic_dispatch	func_80026498	setVector	SAME func_80026498 (listing only)	DIFF func_80026498 (87.7% similar; < target, > compiled)	1
src/game/player_magic_dispatch.c	53	game.player_magic_dispatch	func_80026498	setVector	SAME func_80026498 (listing only)	SAME func_80026498 (listing only)	0
src/game/player_reaction.c	22	game.player_reaction	func_80028ec0	setVector	SAME func_80028ec0 (listing only)	SAME func_80028ec0 (listing only)	1
src/game/player_reaction.c	143	game.player_reaction	func_800291ec	setVector	SAME func_800291ec (listing only)	SAME func_800291ec (listing only)	1
src/game/player_state_equipment.c	19	game.player_state_equipment	player_get_camera_pose	setVector	SAME player_get_camera_pose (listing only)	SAME player_get_camera_pose (listing only)	0
src/game/render_world_model.c	40	game.render_world_model	func_80031850	setVector	DIFF func_80031850 (69.8% similar; < target, > compiled)	DIFF func_80031850 (69.8% similar; < target, > compiled)	1
src/game/render_world_model.c	76	game.render_world_model	func_80031850	copyVector	DIFF func_80031850 (69.8% similar; < target, > compiled)	DIFF func_80031850 (69.8% similar; < target, > compiled)	1
