source	lines	sha256	macro_mentions	field_writes	scan_status
include/kf/end/ending.h	14	2b77bf7a3bc0925df531c0f8e51bd6397483e584255b440339f94b8423c04690	0	0	lexically_scanned
include/kf/game/actor.h	210	3a4b7809300e6be1241ed6ab8b6d19b30e5dcb50cecaad4af435b35b8b6cb2ff	0	0	lexically_scanned
include/kf/game/animation.h	33	0f2fde4746738a1b63ae726695ccbd700ee7f9db68282972ef21450e84c7b873	0	0	lexically_scanned
include/kf/game/asset.h	28	2634d7627d72e3425a190845677cfc861a63ce04d5f779d84077cda173e11b0b	0	0	lexically_scanned
include/kf/game/audio.h	117	eafbccc1730b175a0a24773c730c23880c7c98173c204023f7da180ac1a0fe21	0	0	lexically_scanned
include/kf/game/callback.h	38	b3fb436afe09639e3e075dd189410410abd0cab149debe8e4255a43978567295	0	0	lexically_scanned
include/kf/game/card.h	46	e33d1f10e0aa7713de8151fb88c65e88d973f5d885f6e6d2de36d697dd3caf2e	0	0	lexically_scanned
include/kf/game/cd.h	161	3658a236aae79b18dc69f28ced1271db7ccc080daf8202811cb1321dc339c04f	0	0	lexically_scanned
include/kf/game/collision_cache.h	36	7a0555279cfb1b8e01586a5a14ded613afaf0857a0d6c84429da98c6827db65e	0	0	lexically_scanned
include/kf/game/effect.h	106	b56a40b46b355603f175a5f6946e9f50104c0f7d626418e7d625adcf08dc0c2a	0	0	lexically_scanned
include/kf/game/event_counter.h	12	52223af74ebd6362e57ba5d849a1d5a58d9f09901a0a43b3d050f1ed9e6b66a0	0	0	lexically_scanned
include/kf/game/event_state.h	64	9bf5add993e3aade993e2975123d2b24e7837f3b57508922fb9c0a934fb39cdd	0	0	lexically_scanned
include/kf/game/event_stream.h	32	cbdcc73b4f4a1c5115fd26527081d12c5601055055ad4ea3fc960598d6945a4a	0	0	lexically_scanned
include/kf/game/game.h	7	5c5f043cd86bd08b828d1825dfeca4339bd920d2b74bf9b398dc147fc60b797c	0	0	lexically_scanned
include/kf/game/graphics.h	263	2d820d975f360f766251ff53787cdec6e01f4a13ea23921af919fde442886366	0	0	lexically_scanned
include/kf/game/map_cell.h	9	352f4cc351c357dfc110360a3d042ff57d685fb0ecd692c8962184dedbd86514	0	0	lexically_scanned
include/kf/game/map_cell_pattern.h	23	c713fda290bd164273ea45927f05c02c61adaa7e4a0c2139da8fc43970ce01b0	0	0	lexically_scanned
include/kf/game/map_object.h	143	99f798bf2a064befa24bbc191c9e9489fc10b7e037ab99ef63ea9e311bed0029	0	0	lexically_scanned
include/kf/game/map_placed.h	47	7a9368a1c575c3f6a3d0ef5c0af07219f4d8bcdeef56c2d895c935e264f40470	0	0	lexically_scanned
include/kf/game/memory.h	42	44c1248cec86af0be58af8f9a21b93d2ac342c96d4d13ffbf0d2cbd85aaac7fe	0	0	lexically_scanned
include/kf/game/menu.h	190	b930fa1369f8ae0f2e508596d44ce6430b2966b34ee6958cf1da7b1218a5ba46	0	0	lexically_scanned
include/kf/game/message_stream.h	6	a89d8910885715aa46f036502aa51d629557b824ce1e2ff286b45d95c497a934	0	0	lexically_scanned
include/kf/game/notification_quad.h	29	828f29ad8fb9a6b8dfab930f85b95b0fe996fe473ef4d971e76729f1d06dfaf4	0	0	lexically_scanned
include/kf/game/notify.h	27	0bd26f055e8ed021d5f49453c3e7d2718576ee633e31b2643aecddbdae672c99	0	0	lexically_scanned
include/kf/game/player.h	372	5645f76fc939d9edfbf4465e3039c05a270ee2043b96aaafb9de3f7c5c527f66	0	0	lexically_scanned
include/kf/game/pool.h	37	4d9af7e85cae2f5ccd2643e55274ac331340f4efa464a76a818bdb6ce2f75545	0	0	lexically_scanned
include/kf/game/render_mask.h	28	c25abeb9233c025ed07723ad6f725278ab882b3d9f94c122aee4ae1a7b6a1691	0	0	lexically_scanned
include/kf/game/render_model.h	32	410b1e44360950b48a478160d91e2f76899be14b1a943cf7d7c341808a5ac6df	0	0	lexically_scanned
include/kf/game/resources.h	14	d3fb55e1e191591f9e8ce1434283978c873f92ddad6f6f2be32fdc3cc1d5b306	0	0	lexically_scanned
include/kf/game/tmd.h	50	f4cd19427aeea7a7fcac7c0d6f18d51d97944b7bfbd55a2f883e586ad37efe86	0	0	lexically_scanned
include/kf/game/tmd_packets.h	257	de565ba0c3321cfe49bcdcb86a5a90e3a80f3f51868a624f4bf0ca2a6369a096	0	0	lexically_scanned
include/kf/lib/address.h	67	303954f2d9cc8638c6a685389b091842fdec2de2a7e06836fa802128294d8f12	0	0	lexically_scanned
include/kf/lib/audio.h	20	511fc6837772b8deaafaee0457df1e40cf6620e2ec85a286836e595153253524	1	0	lexically_scanned
include/kf/lib/bool.h	64	fd8e08be20402b6eb2bcca08bd5665aa2abf93f42a481d188305bad5d8ce3473	0	0	lexically_scanned
include/kf/lib/cd_file.h	18	f13bf699673310f012bdcdb8a681b3179f4729d90216c3de50d844381710fa5d	0	0	lexically_scanned
include/kf/lib/display.h	33	0666d41f3b74eebcfb9bcec75e69c28a5ee921a8cffda31bc6b40360cb93418b	0	0	lexically_scanned
include/kf/lib/enum.h	104	d9522d0ec68ee4192c3263512317fc04a0f6bf504fe3461f3753ea0defaae870	0	0	lexically_scanned
include/kf/lib/math.h	107	daa2ff864ae06cc57643fc9749e068decebe9f830fb5c96ccbb33f16121e3f0f	0	0	lexically_scanned
include/kf/lib/memory_layout.h	9	fba66d121564044f9fa69a2a7a6e8d92534361414780fec6ebcfb1a0e2660187	0	0	lexically_scanned
include/kf/lib/movie_stream.h	37	995a7658e28ca86fce016831492e4db89856efe97abb5cbf1dab2b55e16d64b8	0	0	lexically_scanned
include/kf/lib/null.h	9	2d2d336f3a8cc5d38cab4ddbfa534ba4b097985dcfc0814c6de4ef3a8aa42c93	0	0	lexically_scanned
include/kf/lib/overlay.h	29	9099b8465ca1c39137002e36a2083248e436bc98f78d3b299f172626d79b9598	0	0	lexically_scanned
include/kf/lib/types.h	11	f04bab5f732ef594c2e6cb79764219a34e889c94cc30eea0d450595c558ab5fa	0	0	lexically_scanned
include/kf/open/opening.h	42	37b8fd0010759c31d1143c5d114c07bfd047b0c484153810cb5ad93b1b685959	0	0	lexically_scanned
src/end/audio.c	31	40bff83ae556000ba45be547a4eefc6282d126c4bdb1b30c69c35c8d38ff30e6	1	0	lexically_scanned
src/end/main.c	64	6f4e495efa119544698ece67537ca844d4f0293122c7914781d6f48a51eb88fa	0	0	lexically_scanned
src/end/movie.c	79	03b1f8b20dd6dd9f4c18d5348079de9091519ca8c0e19d875f0c6fdc57a71f25	8	0	lexically_scanned
src/game/actor_animation.c	136	88d1f44c5d7a64dfd45588cfdad47d40d32a0586317f582ce34cec945719f5bf	5	6	lexically_scanned
src/game/actor_animation_seek_phase.c	31	df08b05130bc865c37775eba355e1295d3d48eb669ad92cce2afa3f66b4eff40	0	0	lexically_scanned
src/game/actor_byte_0c_set.c	13	6e4b68aad068780d9702ee014b1735a179efafaa9d778dea4d1a9cc820a6c967	0	0	lexically_scanned
src/game/actor_byte_0c_set_changed.c	13	6a92fcbf7f5ed7cebf187ce4c2fcd8d69f3da9e5a1ef814774cd41a110a579f0	0	0	lexically_scanned
src/game/actor_copy_group_defaults.c	19	3dbbc7b1629afbeb03bd526d522b93b583b4b2d647083d6412cc04c51aa9b561	0	0	lexically_scanned
src/game/actor_find_target.c	22	5fd94af31a6252a08853b8deec599db50004f4ab5d41de40c8a4bd111c3a35c3	2	0	lexically_scanned
src/game/actor_fixed_curve.c	22	4c79c1cf98cff8190e7f35e53dc57492f0aa36bbcf4bc304b43dff3121739399	0	0	lexically_scanned
src/game/actor_fixed_interpolation.c	36	68e63bcbe975278d2456e4d9e6d7b6e0c266d8f6daaf475942847ee6072c8d56	0	0	lexically_scanned
src/game/actor_fixup_group_targets.c	159	0ff9c697cdf98a78fa90f9e6b961ad768fc4286e87ef2a2e1035d81b4d423088	3	4	lexically_scanned
src/game/actor_group_position.c	176	acfa998a3701964ac8a45b543b87f0eb64be35c7f967fe1714babefe1a2db5b1	2	11	lexically_scanned
src/game/actor_home_wrapper.c	27	8601ac4b70b1f346a2796753579347265d595220bf1e3cca0c666d0cc32efc64	0	0	lexically_scanned
src/game/actor_initialize_from_group.c	35	1a8174c6015b26ea3b98befcf824632ee72495b1d95147e7bc8188c29328087c	1	1	lexically_scanned
src/game/actor_lifecycle_target.c	118	b9426acfc7f4f0ed4cbcbb2bdef879abd6684c9723b9f1ef883fecb7722d704c	0	0	lexically_scanned
src/game/actor_motion.c	162	a30e74251523a0cc9bcaf42ba92bd0e3f4f52ed85e0164254df40ac15bb82f3d	0	5	lexically_scanned
src/game/actor_motion_collision.c	177	6836d1f3950eff3a876915dcc2e7cae3559820922555ef17246efc12191246c2	1	14	lexically_scanned
src/game/actor_player_damage.c	178	4fa5e36a4829922269f9b7cfc8c6145ce8dc062927e6da8d33aad67ff4eed6d1	0	9	lexically_scanned
src/game/actor_pool_clear.c	19	81afed3d3e30d8bd7f87f47bb04436c35f22b59592f4592b319e6088dec91a42	1	0	lexically_scanned
src/game/actor_pool_find.c	22	b7dcfdbf89456d967ab3c7e866e8ab4de46276a72ea76705cf00103e94cd3342	1	0	lexically_scanned
src/game/actor_prepare_initialize.c	16	c2a6af99da81a4002a3d93eb2511d4c43838bac037f56c9123d2491bcb39c817	0	2	lexically_scanned
src/game/actor_random_scalar.c	21	2b0823e572e8aa00c34f5eb2be204d8eaffa44f2662754b2b1b49c3d950cf8f4	0	0	lexically_scanned
src/game/actor_select_best_target.c	41	a14560312e7f6ab101169d50979836b1dee457be91077c9e1b45e6cab03cb53d	3	0	lexically_scanned
src/game/actor_select_group_target.c	11	2570c838510709901660aacc592fe85bb3b1676012b7d70a936d8042fe721a5d	0	0	lexically_scanned
src/game/actor_set_home_position.c	34	0b17bf61ec9370650fdbf1c3909b9d1dac707659d979abc277ceec3ed1c72958	0	6	lexically_scanned
src/game/actor_set_target.c	21	4e0aa3d495c4095b458fe2c72fb886b6fc811972d7106026d4f4200514f07f14	2	0	lexically_scanned
src/game/actor_spatial_sound.c	32	7d2e62c1aed988a2813542f62bc4faf1206421638588ab3cfb5edd8e9bc72463	0	0	lexically_scanned
src/game/actor_target_distance.c	15	2bc1ae199e24e3f9bab1057a2168ce465adc78cb9007b6ff9f951f7ee0e49609	0	0	lexically_scanned
src/game/actor_target_reset.c	13	9d7c1f2fc1b9a37f03be53912c81ef1342e7345c9861d687801bc879011862e2	1	0	lexically_scanned
src/game/actor_trajectory_math.c	88	15744148b42866ebae1a034ecbd350c19f5ab535787d71251ee8524666395ea5	1	0	lexically_scanned
src/game/animation_keyframe.c	42	6bb641ee4024085951b51b27e1d6878704c4089f2fc8dc0a7f4abc45d1e53946	0	0	lexically_scanned
src/game/animation_sparse_find.c	31	fcbebe9c12e2bd3fb0c95481c0a5a8a1be4270015d8e076903816a2418b3f17c	0	0	lexically_scanned
src/game/animation_sparse_vertices.c	130	b5d28034e881bdc80211fa70d888b62a3d723e6fd8cae54ff482666e17acde93	1	24	lexically_scanned
src/game/asset_registry.c	41	9a2025a1fc504c11ae4512ed382e11eae35276bd2ca7be089e1c6dd0d7251c5c	0	0	lexically_scanned
src/game/asset_vertex_count.c	183	16e7adba553b6efa8011aca6bc83bfdf5a0065e55f92f9e4df61ea996610ce05	0	9	lexically_scanned
src/game/audio_runtime.c	422	665504d2a10839174252bf73e8b362448e6be69bcda34ca1a1a803e4e12317cc	3	0	lexically_scanned
src/game/audio_sound_wrappers.c	32	ec0290a2393f820b03bd103a29900e7603ca22ce0903de026009744f73dbe71e	0	0	lexically_scanned
src/game/cd_memory.c	924	09291278a8109cef272756cacc101c524d6ca1e93c6a471a1ce7fd122a7c7b90	21	7	lexically_scanned
src/game/collision_channel_add.c	11	a275c27323c6f0e7312b146da100ebcb564654bd78555eddd6951e2fe200188d	0	0	lexically_scanned
src/game/collision_channel_draw.c	18	6fdfcb5b39e162c92403a8422067138159ffcc870037f6fbbb933a6d1cb9bbb9	0	0	lexically_scanned
src/game/collision_grid_sample.c	55	598443f6ee481b22d1660dfb829f8592f54f5f9c46548f21b3d3655a8900293a	0	0	lexically_scanned
src/game/collision_height_wrappers.c	614	a52a3aa487ff00283b02b91dca5fb156bcb92e391c9ede19a99f77cb8b602f0e	0	0	lexically_scanned
src/game/display.c	157	09ba26fe6abbd0826e0736fe7ec2cef221132549a9a407297585659029cd4a68	2	2	lexically_scanned
src/game/effect_aim_and_move.c	65	4d46a9207e92e91da4b87c7ebb456370f309092d754eea2237795c2cfc9193e8	0	8	lexically_scanned
src/game/effect_collision_probe.c	34	3e57ae963a0dcab96bbbfcae4a7fcfb0ccd72a902e9ef5aadbe5f54817de9144	0	0	lexically_scanned
src/game/effect_move_probe.c	26	f28944ca9696dee843143ef59ffedd3172ba87a7ca22b4780581f0e03f819f76	2	3	lexically_scanned
src/game/effect_reset.c	52	3a80f5d3d26d82c9d684f9374c6dce9b2fe9e5706deb92b730fdbf4860b06377	0	0	lexically_scanned
src/game/effect_rotate_scale_offset_y.c	19	e96e7c0d37eb87c8612d0419a63962d60b111a2c1fbb950a0a8a9b3b7ab755a1	2	0	lexically_scanned
src/game/effect_scale_step.c	21	33eb8bdddf334303c9f2e147b8dd2fd0906d75046a350d9ad43fddcb1b34bacc	0	0	lexically_scanned
src/game/effect_scatter.c	84	81790db82a9fffe42627fe715bb59062c2977d62ee478b250cb1f3aaa6aa5cee	2	22	lexically_scanned
src/game/effect_spatial_sound.c	18	3ce33116fc726e94060c3559f17cecdb4a8b1248ed22a64128444bb502dc0833	0	0	lexically_scanned
src/game/effect_spawn_motion.c	99	0b15ab4aec4a8c365e518f06a66ac61c9fe9ff575c12e98ba3e36c2c4b19fb81	2	18	lexically_scanned
src/game/effect_spawn_zero_direction.c	46	ae1eecbc41c17af6d82cf50f829b5fb6b898728806da6d6ed7a9e5ea8c720d16	0	6	lexically_scanned
src/game/effect_target_motion.c	31	8d0022f8f92d2eef199120a97e2acb1ac60afdcefe8c4b4850e5c6530f3583dd	0	9	lexically_scanned
src/game/effect_update.c	211	8276d6c7275dc390644972a7ef2bd1f24057655f0e48e0b7c03429133c9415ac	3	14	lexically_scanned
src/game/event_counter.c	57	0ffc2403a49e61d276b8c96707449040a2f3541526490903e1932d1894a6281d	0	0	lexically_scanned
src/game/event_map_object_spawn.c	13	0c232eb148143bc3d8942bc87ff3b74a88e31f07d8446419274044a9177c66aa	0	0	lexically_scanned
src/game/event_pose_interpolate.c	45	5d0a7803e523e14ba992dc773df8fcdcbdc53ac5db70ff3c8aaa72b834aa96a2	0	8	lexically_scanned
src/game/event_state.c	108	09de627f3e36e841f8052d141eaf06d7a1e3905df93d82f64c507f15ce4e9031	0	0	lexically_scanned
src/game/floor_item_find_free.c	76	1b115b9f201c7efdcf1c5d15c2dfa08c9d2f2f08870907fe60d5d386d170c811	1	6	lexically_scanned
src/game/frame_step_cd_service.c	30	d99b70da545d99188380f6fe18c2467b668a81492fa492512bdbb8d132813071	0	0	lexically_scanned
src/game/game.c	19	0f96613c6a49df2e2761ce264fc32923fb73f6671c468822ae7d772740f6a86b	0	0	lexically_scanned
src/game/graphics_color_bytes_draw.c	17	42a36e69530bf2a1643de3b5bcd0adf27f988b27ef068b8e73d1e1b7606e9c3d	0	0	lexically_scanned
src/game/graphics_color_bytes_set.c	11	9a2db7c7488f17ba3aa6fe03cfbed8b6455c8d2c783b9ccab9a4223993bcc021	0	0	lexically_scanned
src/game/graphics_sliding_panels.c	33	50039c3db74aeefb90feb02665fc82b6471788c8a9757aee0880e6fc3bc0ce1a	0	0	lexically_scanned
src/game/graphics_textured_quad.c	41	c50da15400c2e2eab08b46b2eea547fc81b45d785f95842ac6e5145dd24ec00a	5	18	lexically_scanned
src/game/main.c	127	d7cfe7e2d1557ab20cae644f4ebbe4133f25b72790a29ac31ec987cea8d1698c	0	0	lexically_scanned
src/game/map_cell_pattern_place.c	187	4ce20752a801423c24172f70cdcbbef1fa70a0708146cb75c6935d2fdc66e757	0	0	lexically_scanned
src/game/map_object.c	158	6099f983eca7c4a53e07b6517ca4ff79c6ae29579ec26fd40f16dc818e494a9f	0	11	lexically_scanned
src/game/map_object_collision_query.c	32	03bce51830973b80b48673233807b6fc46a6a57439fe177497e20c23e7d4bca4	0	0	lexically_scanned
src/game/map_object_motion.c	80	5cb423fe222ac342feefabd2aa37e291a119c77161556dca6dd746711ccd7e5c	1	4	lexically_scanned
src/game/map_object_reset.c	141	32ea2e933ed5b15ebacecfa33d1a76172f6d20fc89961227f6aa54cef71d17d9	4	13	lexically_scanned
src/game/map_object_spawn_scatter.c	131	ca9ebad8a1109b46009dbe4503978b97960c7bf31575eb9e8fb84b0fca7a6cec	0	4	lexically_scanned
src/game/map_object_vertex_world.c	50	93e686a21eaca89a3f0820717112d4f4785dfee74bbb5278152df01d9b9148b7	1	5	lexically_scanned
src/game/map_placed_expand.c	33	1cb95c2f35c73c5ba49a13a451369b921b27df128d55dc335594b000e91924c8	0	3	lexically_scanned
src/game/matrix_rotation.c	283	1684d8834f2df53fa33b4e4735dd088f596f0cb7a48b4572f970ec6d3ea1252a	1	13	lexically_scanned
src/game/memory_card_directory.c	147	0203a6321c6be76cebf6cc292f69a11440449015816b94f0c7bfebef308b3433	0	0	lexically_scanned
src/game/memory_card_events.c	69	0d3f75aeb2e8953b80253ece851fff8fcb086ca74cc3d9174806eab55d3dcf83	4	0	lexically_scanned
src/game/memory_card_probe.c	24	e7da76e26ed17ecfd442ad03f1ca5795fb32ae4fc6355a6521e6c7412a6c47e1	0	0	lexically_scanned
src/game/memory_card_wait.c	75	15702201bdc439a3acb76410c8ee4ace8369cd78f12d4e3914f745c1d454a483	0	0	lexically_scanned
src/game/menu_blit_sprite.c	29	4364af20ec9221a522198313fa838f4961aab91cbeb8b9233c292229df96c438	3	2	lexically_scanned
src/game/menu_blit_sprite_fixed_clut.c	28	4626b89a764b648a47c8d12561dae0ea2bc9a609c71369f47c37d58e6c7e0a4c	3	2	lexically_scanned
src/game/menu_blit_sprite_translucent.c	20	5fb1970db7950d05da539f22423d4c2e57067fd9781cbc9975e007325de9d3d9	3	2	lexically_scanned
src/game/menu_card_choice_controller.c	68	581c421f66b0aa7f679e21226d5534866cccbc73651ec2ba180cda12275553fb	1	0	lexically_scanned
src/game/menu_card_format_flow.c	132	2b3814fe555257618c95977d2250faaf3cd60e9095d6f372412eb6a65ff5b978	0	14	lexically_scanned
src/game/menu_card_labels.c	68	48e982fd61cd4468b78b0bfbe4bde89228402520091962f10219b2fae6eab8e1	0	14	lexically_scanned
src/game/menu_card_panel.c	181	f250adee0a0788be2740f0ba69929a05d01c8da0cd899c31660f99db67397810	0	8	lexically_scanned
src/game/menu_card_rows.c	34	957d538c9add09a1755dd43e4a2593a0edf6fda040871aa2c36e97f3352c9551	0	0	lexically_scanned
src/game/menu_display_state.c	75	5ea095297fcfb862f226f5e43644fae6e83c06ca8e9c6ae85f4c5efb5a5ea218	0	6	lexically_scanned
src/game/menu_draw_number.c	37	889245d66c4675f5334466f19fb9b1564eaa488bf538bb3cc6842a45fe0a7db3	3	2	lexically_scanned
src/game/menu_draw_string.c	48	4dcbc82c4310468ac5bfd71288e61411b18c65239d48a03ce077922361eba9eb	4	2	lexically_scanned
src/game/menu_draw_window.c	29	3aa58d589182891270da0dc25ed9e49601da02e15f2c35c32fd51231061cb259	0	0	lexically_scanned
src/game/menu_equipment_list.c	83	14a82fa9f923b0d0f2186b80398f00da10cc965811d3868b1e81577b69c558c0	0	0	lexically_scanned
src/game/menu_format_number.c	67	965b9ea103ba474539b5f17656695d997c05e13172e5c8d01ea6faef07c47c18	0	0	lexically_scanned
src/game/menu_frame_begin.c	54	4674e7037e4c5bef28a9abe564b508d1d3db4d6e4ca7563922bee430fc271036	0	4	lexically_scanned
src/game/menu_glyph_rows.c	278	9a38ce25f1829d991ea3fc475d950274b739810834c55c5e58a30b198d77d7d9	0	0	lexically_scanned
src/game/menu_glyph_selection_rows.c	48	8ccc0f6e985a4f9d097e6baadef0d4f9314a71429ffdd3775563fa052b4b1085	0	0	lexically_scanned
src/game/menu_input_poll.c	41	d04ab41897974b01cb48d4719aee487705bdc74bf2cdf3874d9574aa4660fbbe	0	0	lexically_scanned
src/game/menu_item_code_primary.c	94	2e8e20a7681b088f84a39aae8d99b41be1d6c0ca2b6534edde0bc8f4c0b70b84	0	0	lexically_scanned
src/game/menu_item_code_secondary.c	154	0eaa9846eaa934879bb58950972f424a6bb4b5f12aca0f0360e68a7402c0d410	0	0	lexically_scanned
src/game/menu_item_equipment.c	67	cd453c0677dbcd4ecf3f61add4608b53727da18f4a4e48ed8a9685f15ddfd00d	0	0	lexically_scanned
src/game/menu_item_model.c	40	f706e6ff7be8e40851a0ae5401f65b67ce8ebcb803d953a4682de42e01beefda	2	0	lexically_scanned
src/game/menu_item_selection.c	77	777ece7c8021ae5f2a3d73145bf0bd8629fcfe1ab0393dc79960c9a180986440	0	0	lexically_scanned
src/game/menu_label_templates.c	213	319fd2d92cd502d6efedae4c452a4a0d6f498e282e9d7adb677da99e1b28106b	0	38	lexically_scanned
src/game/menu_list_choice_controller.c	48	e59d237758f387e63f4d905e792667788b684b509b2f63bd0a571d843547fa15	0	0	lexically_scanned
src/game/menu_location_number.c	124	4769c34d20fc4f99b42366ccf924d5140d781930bd075b8390e252b6f8634031	0	2	lexically_scanned
src/game/menu_magic_list.c	70	02d20dbdfc8e85d7865b632d07564c5be3a0bb8041edb615c48a3f47fc9a28fd	0	0	lexically_scanned
src/game/menu_model_render.c	25	116e2979709759056446c37f90a0ef5024ca7be0fbf7864ac2769f7e0730db7b	0	0	lexically_scanned
src/game/menu_pair_rows.c	32	e897f4d67d50c34777bd655a02b3eed0f1419f573afbd5521e303547e3a8a788	0	4	lexically_scanned
src/game/menu_panel_nine_slice.c	54	77173fc72f287ece425ad39e42083f8292b2308a5d79515cd9f079123cff1c9c	3	2	lexically_scanned
src/game/menu_player_clamps.c	35	8f9a71b0bc929fbb848083a7603dbbfdea5ec10af103d89449569787bee4026f	0	0	lexically_scanned
src/game/menu_present_frame.c	17	56c9eb16930ec4552c585649b8b12eb5518f53b7f482367a3adf12f783986478	0	0	lexically_scanned
src/game/menu_preview_choice.c	115	26d8c55f35082c16ab57d2e44548c07662e010a2d2a7c950bbc88b87e0290c10	0	4	lexically_scanned
src/game/menu_selection_rows.c	87	293698953aa98fafc69b48c26f8483c4d42a0e6963cd8832943d62c736b318e5	0	0	lexically_scanned
src/game/menu_simple_loop.c	30	cfa3976328982874c603a910ffeb44b4f67185e7fbd35489e9286c58442049a9	0	0	lexically_scanned
src/game/menu_sound_cue.c	50	c0a6dfefe242f1861338f24ec69fb1032e030c74adc24e6d81221e749fd48c70	0	0	lexically_scanned
src/game/menu_transition.c	211	832e0ffa42a56e360b0bb12c97ba3e8743535fec861e7bed42d386a36085e86b	21	66	lexically_scanned
src/game/menu_two_option.c	140	ae5d57781a2ac9c5e820d8d3b8a3ff27011ee18a2a5436f7a7f9499655efea36	0	12	lexically_scanned
src/game/message_stream_find_marker.c	68	d39b9edda1c9e204bca8a720fec816908e0f1cbcab51af963ebd82fc020c8579	0	0	lexically_scanned
src/game/notification_quad.c	49	3e49212cee36d4d4c208f19c87b99c2a92a7e4a6484b0fa97851ebad77440909	5	18	lexically_scanned
src/game/notify_enqueue.c	136	eea03c17bb6a7028f0c7a3fe84efa047580f0c7b698a9edeb658bd12c937f9cb	3	0	lexically_scanned
src/game/player_camera_turn.c	185	b3b6fd4cdd4d147b555ab28005233e87ccd479b7fa486fe50f7a29e873b89d53	0	0	lexically_scanned
src/game/player_collision_bounds.c	36	794ad4b459842f9cd006306945138d19645f3da3aec36ab076a6a76bb1fc5a50	2	0	lexically_scanned
src/game/player_collision_sound.c	37	8f74581b411bde74320e723164471dd51ffd84ea4f29e6b9e5fe11d98024728b	1	0	lexically_scanned
src/game/player_core_run.c	373	664a8fb57dbbd7c99f6374bc850c5155c6f822b969ea109863bfea03fc9534ec	3	0	lexically_scanned
src/game/player_distance_margin.c	18	dd181ac2b9d381de08b245003b9a742cb0860e590b81e7c3f4d98a6268761b1e	0	0	lexically_scanned
src/game/player_interval_71_80.c	12	ac51ba13d70ae8d3f56667356eff0541c6b9d6c13c2df23bcea3df65b1e12333	0	0	lexically_scanned
src/game/player_magic_dispatch.c	59	f469fe2986dc71c372616ca02100ce4fd2efd4eece628792dc9a3edd00bc7c99	0	9	lexically_scanned
src/game/player_radial_damage.c	68	8d00ac3abd2be49bc2628122aadbb375778ad8e4d51a1f291b6a4779bca064af	0	0	lexically_scanned
src/game/player_reaction.c	305	8da33097fe65c8054e4326efca424d1642094b54095b26f618c4ce97150a1c4e	4	11	lexically_scanned
src/game/player_reset_view.c	34	d6608dfaae1b1ec123fdb6c21eddccc24ac2180b324f69c1ec8fcf9fe6236f23	0	0	lexically_scanned
src/game/player_state_equipment.c	391	6557dd740419dec1fbd48fa7c8c19dfbc57c11c873d3ab2204256352fad9f44c	9	17	lexically_scanned
src/game/player_status_cap.c	37	aa45777a4b62c44bac6af7eaff8cd82f875bdfc4129031d78c840ac902833ee4	0	0	lexically_scanned
src/game/player_weapon_render.c	53	1e0214cbefadfbdfc41a5f84910be4bcbbf5117403607201010cd3c9ab229023	0	0	lexically_scanned
src/game/player_weapon_transform_power.c	41	9c9bbcb0e1a07bf1bf53950b138026c709763eb047ea48d42e93a66a79e07293	0	8	lexically_scanned
src/game/pool.c	92	4a3f58ce3f8672893beafdbc551081b450b84f81617a197691e4bb1babc08471	5	0	lexically_scanned
src/game/primitive_buffer.c	51	9a924c904505c9b329dcc702150a5c7e958b5c5c739c47a3974d72801b1a5a08	1	2	lexically_scanned
src/game/render_animated_object.c	60	10feb27fe6bbd13ae22b69df889ce493efc6d309799ae14b448fc6128e270028	0	0	lexically_scanned
src/game/render_frame.c	108	e1ee2fc4b39f59b921e273d53c71820867b980ee7e0b04edbc0bbd2a4a697c55	0	4	lexically_scanned
src/game/render_map.c	410	72fe59f816e87866654c5f1d40261c8a80b6b71e1c679cdef5a245e336d22065	0	15	lexically_scanned
src/game/render_map_cell.c	228	359cc53ddeb05e903dca89075042e1dc8c4ca13f376b2d73533aa03259a91591	1	7	lexically_scanned
src/game/render_world_model.c	158	b2acb20b9ed4e12a73241fb3df6a69c70a4cdef0d6fd9a1e6c61ccd420a937f3	0	6	lexically_scanned
src/game/resource_runtime.c	175	d0548c8be4baee6e485bd2b712a00259b57b841c1c014c54548ce851b92ff0cc	0	0	lexically_scanned
src/game/resource_transition_phase.c	32	9548bed49d07a63ada88e36e59b83a2e8b1e980abf7d62d3f59e72cf5a9e03ac	0	0	lexically_scanned
src/game/tmd_pipeline.c	723	8848db37f97cd38c17398627413b9b96d3065f46064ab658fc935d7b71b97abd	0	71	lexically_scanned
src/game/tmd_prepare_primitive_indices.c	103	025418378994103b43bf658a6182a073bd7d6227faea9213308998b36f615a57	0	0	lexically_scanned
src/game/vector_actor_helpers.c	25	4e5fadb6fa373aef946c9692ddffa59a54972836ee5038b7ea95d2042f2e41af	0	2	lexically_scanned
src/game/vector_distance.c	42	57175470be0d1060a94fc9c21eeb7baed9f6ed22a137ee171fbac7226ab8a567	0	0	lexically_scanned
src/game/vector_distance_between.c	44	e424b1ad3c7da7f8fd01bce3eaca626373416fdc4522fe58bd3ca27c2d9d03b6	0	0	lexically_scanned
src/game/vector_math.c	146	0084b306a0c863474b3033b610287c976d1001cfaecec7dad449641c66ccdf81	6	3	lexically_scanned
src/game/world_translate.c	53	ebe83d947f1cb8433b1b48d55f2b49f5aae953efaaab31361241a76a506fc87f	0	12	lexically_scanned
src/lib/audio_init.c	20	d48c453b63df597597cb58d128ce043ad747ae28abd36ab3f4f462102a5ebed8	2	0	lexically_scanned
src/lib/cd_file.c	53	3dcbcc48c19c14b5392f6302cf5b05300e1b8abc38a820079083270f0435925a	8	0	lexically_scanned
src/lib/display_frame.c	25	14c3af99c2c58c9c13a8efd8d3e6beee00ce965168c33d9695c2085715c4ac5c	0	0	lexically_scanned
src/lib/display_init.c	38	b160fc0208230411fb15a734288f25186df5d3e040f51538b9210d79b367f397	2	0	lexically_scanned
src/lib/movie_stream.c	139	cf01c856bf3a29f4ccfd842432a9d342dc024483422909c18004c53776222a96	11	5	lexically_scanned
src/open/audio.c	37	f4dae62c2621dcecc85ea131ec4546fb751a3813299e667599f82b5e7252ffe0	1	0	lexically_scanned
src/open/main.c	190	7449387120cd0838e3b61492f725ebd85510bd7362659eb11fc37b98ac385351	5	5	lexically_scanned
src/open/movie.c	89	014a21f65e66f655d5d940647b4c62f4efe41486418ad68f4d55425d79de32e6	4	0	lexically_scanned
src/open/resources.c	31	6c6548b04e27d3fb99975ee784faa78b454fe7a51de86ef8ee4f7e1e6bbe8188	3	0	lexically_scanned
src/open/title.c	209	3bb5eacd3d60f81fe59618da388404f304d2b87598c3f6227ed9c51b928c067d	44	2	lexically_scanned
src/psx/main.c	45	7e1d92282b2c26611b74587a59f8b0d79fe8616ea6c25a50054bfd87691ca76b	0	0	lexically_scanned
vendor/include/asm.h	6	18f591b9f5c6dae9b1afc2f3947e7313a4471608a87c5ced4def412530d1a3d1	0	0	lexically_scanned
vendor/include/psyq/audio.h	12	2cc0a79ddf862e71d12e35ef577f5318af873b448ad4da82647dc021d2a02be5	0	0	lexically_scanned
vendor/include/psyq/cd.h	12	a773b191b5054c8f68ebf7868d27fb91ead53c090f2aca5bcea117d4c646ed80	0	0	lexically_scanned
vendor/include/psyq/kernel.h	67	a0b9e98389f6d14e68a720d4c8d813b568aed18d2c9fc5637e62b5b7da788ebb	0	0	lexically_scanned
vendor/include/psyq/libc.h	31	433252d7dd97a806280f3ef91e09cd8e9ed65649927a76cb2659989444ad56bd	1	0	lexically_scanned
vendor/include/psyq/pad.h	17	b8f799ab720a1816936bf1fb2c6db14008a6e32bd281cf0e3ccd02a371fc21f7	0	0	lexically_scanned
vendor/include/psyq/press.h	7	e2780dc1317d67551316a08d6b8b9cd3420c55f9ac0906857316e650dd0ed724	0	0	lexically_scanned
vendor/include/psyq/sdk.h	25	82317b72c2a2b1d80aecd24c1ccacbe181361ae7186bffa92bedbeb5c114e3d9	0	0	lexically_scanned
vendor/include/r3000.h	6	6753001245bf6c2f6e5081a2148d5b2831145760c946b72073931c126061a910	0	0	lexically_scanned
vendor/include/stdarg.h	34	b9f810de04d81ae084a333acadbd865587c5bffc250578908ba18385cc6581ba	0	0	lexically_scanned
vendor/include/sys/fcntl.h	7	0c35acb62e80b817b9744d7915e447f8c50f0f5143708e6cf2f9a0cb364e0201	0	0	lexically_scanned
vendor/include/sys/types.h	7	d499ad2ff6bd5ba985e6748b47eefe00e481e4e1bac046e83e51d9cde70f939b	0	0	lexically_scanned
